GPS_TIME (ms),LONG (deg),LAT (deg),ELEV (m),SPEED (m/s),SYSTEM_TIME (ms),ACCEL_Y (m/s^2),ACCEL_X (m/s^2),ACCEL_Z (m/s^2),PITCH_RATE (rad/s),ROLL_RATE (rad/s),YAW_RATE (rad/s),PITCH (rad),ROLL (rad),MATH_GRID_X,MATH_GRID_Y,MATH_GRID_Z,MATH_GRID_X_DELTA,MATH_GRID_Y_DELTA,MATH_GRID_X_SPEED,MATH_GRID_Y_SPEED,MATH_GRID_X_ACCEL,MATH_GRID_Y_ACCEL,MATH_DISTANCE_FROM_PREV,MATH_ELAPSED_DISTANCE,MATH_CALC_SPEED,MATH_GNSS_SPEED_LAG,MATH_RADIUS,MATH_RADIUS_DIFFERENTIAL
68965400,-81.85767638,41.39969268,236.4,0.2160666665,1747595365390,-3.281779766,1.3801862,9.861385345,0.0144226728,0.05214500427,0.2014516294,-0.01012633219,0.01753090045,677853.2412,-4737752.62,235.6,0,0,0,0,0,0,0,0,0,-0.2160666665,0,0
68965500,-81.85767638,41.39969268,236.4,0.3652555552,1747595365507,-4.10556221,1.693733335,9.445510864,-0.01754278503,0.02445496619,0.03591412306,0.002369354618,-0.002324463336,677853.2412,-4737752.62,235.6,0,0,0,0,-0.9908108993,-1.724432548,0,0,0,-0.3652555552,0,0
68965600,-81.85767664,41.39969232,236.4,0.7150777772,1747595365597,-3.313215733,1.501864314,9.350732803,0.05414852966,0.1954592541,0.1565143764,0.009032009237,-0.01839746687,677853.2197,-4737752.661,235.6,-0.02154734044,-0.04077153094,-0.2154734044,-0.4077153094,-1.228331755,-2.238756764,0.04611513434,0.04611513434,0.4611513434,-0.2539264338,5.005139589,0.05005139589
68965700,-81.8576769,41.39969195,236.4,1.064899999,1747595365686,-2.520869255,1.309995294,9.255954742,0.1258398443,0.366463542,0.2771146297,0.01569466386,-0.0344704704,677853.1656,-4737752.759,235.6,-0.07562421227,-0.1389938537,-0.5407687183,-0.9822232276,-1.400185132,-2.669627117,0.1121246305,0.1582397648,1.121246305,0.05634630554,-20.81131378,-0.2581645337
68965800,-81.85767767,41.3996909,236.4,1.620499999,1747595365800,-3.503824234,1.699701071,9.895920753,-0.01459844597,-0.01051440369,-0.0172687117,0.02385519785,-0.05379904521,677853.1044,-4737752.869,235.6,-0.1367908545,-0.2490769876,-0.6116664223,-1.100831339,-1.543858301,-3.160069284,0.1259351202,0.284174885,1.259351202,-0.3611487968,-8.717409433,0.1209390434
68965900,-81.85767886,41.39968932,236.4,2.116938887,1747595365883,-3.304044962,1.619845033,9.880783081,-0.04661437217,-0.08949628239,-0.05601948965,0.03018537761,-0.06682083164,677853.0192,-4737753.019,235.6,-0.2220071083,-0.3988197008,-0.8521625376,-1.497427132,-1.744814414,-3.571359024,0.172292455,0.45646734,1.72292455,-0.3940143367,-12.40451352,-0.03687104086
68966000,-81.85768005,41.39968773,236.4,2.613377776,1747595365966,-3.10426569,1.539988995,9.865645409,-0.07863029838,-0.1684781611,-0.09477026761,0.03651555737,-0.07984261807,677852.9049,-4737753.215,235.6,-0.3362775173,-0.5956349988,-1.14270409,-1.968152979,-2.042094948,-3.895196369,0.2275829253,0.6840502653,2.275829253,-0.3375485229,-29.14777594,-0.1674326242
68966100,-81.85768175,41.39968558,236.4,2.952911109,1747595366078,-4.315009594,1.40229702,9.261755943,0.1054205596,0.08405762911,-0.5982266068,0.05067578706,-0.09448477663,677852.7637,-4737753.455,235.6,-0.4775168551,-0.8352604043,-1.412393379,-2.396254055,-2.260692666,-4.096345949,0.2781526299,0.9622028952,2.781526299,-0.1713848094,-63.38759328,-0.3423981734
68966200,-81.85768375,41.3996831,236.4,3.503366664,1747595366223,-3.418802261,2.153860807,9.286977768,0.03075280413,0.1129969209,-0.199911803,0.0643534674,-0.1139150905,677852.6026,-4737753.726,235.6,-0.6386353516,-1.105835108,-1.611184964,-2.705747038,-2.571270297,-4.255026432,0.3149124327,1.277115328,3.149124327,-0.3542423371,337.0148035,4.004023968
68966300,-81.85768613,41.39968013,236.4,3.961222219,1747595366292,-3.457545161,2.219381332,9.071635246,-0.09948387183,-0.08515297621,0.1578441709,0.06970013819,-0.1238996727,677852.4188,-4737754.052,235.6,-0.8224133085,-1.432192678,-1.83777957,-3.263575695,-2.848632454,-4.321995511,0.3745445243,1.651659852,3.745445243,-0.2157769759,43.13395223,-2.938808513
68966400,-81.85768852,41.39967715,236.4,4.419077774,1747595366361,-3.496288061,2.284901857,8.856292725,-0.2297205478,-0.2833028734,0.5156001449,0.07504680897,-0.1338842549,677852.2208,-4737754.422,235.6,-1.020370805,-1.801731006,-1.979574967,-3.695383286,-3.041958417,-4.15151334,0.4192204036,2.070880256,4.192204036,-0.2268737376,27.33309009,-0.1580086215
68966500,-81.85769107,41.39967306,236.35,5.033838885,1747595366476,-2.403127611,3.703963399,9.121026039,-0.008870691061,0.08010829985,0.6358996034,0.09781886393,-0.1454940715,677851.9909,-4737754.834,235.55,-1.250301774,-2.213708792,-2.299309685,-4.119777856,-3.267291024,-3.911032917,0.4717986288,2.542678885,4.717986288,-0.3158525966,26.61173577,-0.007213543152
68966600,-81.85769362,41.39966897,236.3,5.648599995,1747595366591,-1.30996716,5.12302494,9.385759354,0.2119791657,0.4435194731,0.7561990619,0.1205909189,-0.1571038882,677851.7354,-4737755.277,235.5,-1.50581152,-2.657191851,-2.555097461,-4.434830593,-3.358952824,-3.670025433,0.5118226785,3.054501563,5.118226785,-0.5303732098,27.68335788,0.01071622109
68966700,-81.85769753,41.39966458,236.35,6.088449995,1747595366681,-2.469904363,3.767038107,9.828155518,0.06550462916,0.1754602976,0.1401966959,0.1280377454,-0.1723491837,677851.4418,-4737755.76,235.55,-1.799411403,-3.140519815,-2.935998826,-4.833279634,-3.559636276,-3.573903531,0.5655146428,3.620016206,5.655146428,-0.4333035663,30.95222592,0.03268868037
68966800,-81.85770145,41.39966018,236.4,6.528299994,1747595366770,-3.629841566,2.411051273,10.27055168,-0.08096990734,-0.09259887785,-0.47580567,0.1354845718,-0.1875944792,677851.0989,-4737756.269,235.6,-2.142361644,-3.649237323,-3.429502419,-5.087175081,-3.828632071,-3.606164272,0.6135212885,4.233537494,6.135212885,-0.3930871097,37.55534792,0.06603121997
68966900,-81.85770612,41.39965542,236.4,6.620899994,1747595366882,-2.783011913,2.877054453,10.12626934,0.04718422517,0.07181239128,0.11237064,0.1480733421,-0.1851320958,677850.7065,-4737756.803,235.6,-2.534662246,-4.183344374,-3.923006012,-5.341070518,-3.929546398,-3.293843872,0.6626991056,4.8962366,6.626991056,0.006091061244,41.97441623,0.04419068315
68967000,-81.85771163,41.39965018,236.4,7.145633327,1747595366986,-3.680757761,3.151418447,9.981340885,0.1035280507,-0.07725404948,-0.4439703077,0.164430545,-0.1918180097,677850.2748,-4737757.363,235.6,-2.966443134,-4.742840972,-4.317808885,-5.594965974,-3.991246561,-3.026276535,0.7067327487,5.602969349,7.067327487,-0.07830583983,44.55611186,0.0258169563
68967100,-81.85771713,41.39964495,236.4,7.67036666,1747595367089,-4.578503609,3.425782442,9.83641243,0.1598718762,-0.2263204902,-1.000311255,0.1807877478,-0.1985039236,677849.7904,-4737757.952,235.6,-3.450771729,-5.332545565,-4.843285946,-5.897045936,-4.223564011,-2.605541814,0.7631026768,6.366072026,7.631026768,-0.03933989196,42.55041598,-0.02005695878
68967200,-81.85772342,41.39963942,236.4,8.53977777,1747595367196,-2.490394354,5.065569878,10.08965778,0.01333410945,0.06350816041,0.0554080531,0.1910514934,-0.2014844514,677849.2661,-4737758.564,235.6,-3.975136671,-5.944118526,-5.243649422,-6.115729604,-4.327309535,-2.158465365,0.8055929981,7.171665024,8.055929981,-0.4838477899,40.78742854,-0.01762987439
68967300,-81.85773048,41.39963367,236.45,8.966766659,1747595367294,-1.25836277,4.500503659,10.22791719,0.04480465082,0.01931275427,-0.2498569824,0.1992951135,-0.2004429589,677848.7018,-4737759.191,235.65,-4.539398946,-6.571629448,-5.642622747,-6.27510922,-4.450078181,-1.579007749,0.8438968372,8.015561861,8.438968372,-0.5277982868,37.48653658,-0.03300891962
68967400,-81.85773755,41.39962792,236.5,9.393755547,1747595367392,-0.02633118629,3.935437441,10.36617661,0.0762751922,-0.02488265187,-0.5551220179,0.2075387336,-0.1994014664,677848.0911,-4737759.85,235.7,-5.150092262,-7.230645644,-6.106933166,-6.590161966,-4.506429509,-1.078345117,0.8984701855,8.914032046,8.984701855,-0.4090536921,37.40591382,-0.0008062276581
68967500,-81.85774545,41.39962197,236.5,9.321733325,1747595367503,0.2617806196,4.594774723,9.696902275,-0.04549214616,0.07808747888,-0.4559241831,0.2146784077,-0.1857181383,677847.4469,-4737760.534,235.7,-5.794288217,-7.91449541,-6.441959549,-6.838497659,-4.499726429,-0.6093071317,0.9394886538,9.8535207,9.394886538,0.07315321291,36.95068772,-0.004552260997
68967600,-81.85775374,41.39961532,236.5,9.591816658,1747595367600,0.18515715,4.635048389,9.930987835,-0.02893909533,0.03077674285,-0.2525808793,0.2260440883,-0.1769274944,677846.7624,-4737761.218,235.7,-6.47879855,-8.598530499,-6.845103329,-6.840350889,-4.462461834,-0.2795628834,0.9677078064,10.82122851,9.677078064,0.08526140591,37.98015093,0.01029463218
68967700,-81.85776203,41.39960867,236.5,9.861899991,1747595367697,0.1085336804,4.675322056,10.16507339,-0.01238604449,-0.01653399318,-0.04923757538,0.237409769,-0.1681368506,677846.0376,-4737761.903,235.7,-7.203623261,-9.282750915,-7.248247107,-6.842204155,-4.343037916,0.0345144528,0.996758967,11.81798747,9.96758967,0.1056896788,39.72163644,0.0174148551
68967800,-81.85777152,41.39960291,236.5,10.03938332,1747595367795,-1.155443043,4.553180933,9.934584618,-0.01712071337,-0.003498475999,0.01670558192,0.2471661975,-0.1647759454,677845.2701,-4737762.578,235.7,-7.971125606,-9.958631699,-7.67502345,-6.758807842,-4.220864597,0.2816893785,1.022680147,12.84066762,10.22680147,0.1874181501,41.97608991,0.02254453471
68967900,-81.857781,41.39959715,236.5,10.21686666,1747595367892,-2.419419765,4.43103981,9.70409584,-0.02185538225,0.009537041187,0.08264873922,0.2569226261,-0.1614150403,677844.4664,-4737763.23,235.7,-8.774771876,-10.61060554,-8.036462702,-6.519738408,-4.078563855,0.3406614052,1.034851302,13.87551892,10.34851302,0.1316463592,45.55421606,0.03578126149
68968000,-81.85779146,41.39959158,236.5,10.53839444,1747595367990,-2.060104311,3.589640737,9.495501518,-0.07456834521,-0.08385822177,0.1818282828,0.2584876953,-0.1664109352,677843.6091,-4737763.856,235.7,-9.632077973,-11.23644854,-8.573060971,-6.258429959,-3.91873058,0.4243697324,1.061439211,14.93695813,10.61439211,0.0759976792,51.29490682,0.0574069076
68968100,-81.85780192,41.399586,236.5,10.85992221,1747595368087,-1.700788856,2.748241663,9.286907196,-0.1272813082,-0.1772534847,0.2810078263,0.2600527645,-0.1714068302,677842.718,-4737764.476,235.7,-10.52316474,-11.85599048,-8.910867651,-6.195419412,-3.642127348,0.4915084397,1.085296199,16.02225433,10.85296199,-0.006960221502,57.41458585,0.06119679028
68968200,-81.85781343,41.39958053,236.45,11.18402221,1747595368193,-1.636855125,0.3500056267,9.193878174,-0.03798071668,-0.05566407368,0.2006705664,0.2393427491,-0.1634281638,677841.7804,-4737765.087,235.65,-11.46082156,-12.46737811,-9.376568227,-6.113876346,-3.459848974,0.4236063743,1.119372662,17.141627,11.19372662,0.009704410046,67.72280022,0.1030821436
68968300,-81.85782493,41.39957505,236.4,11.50812221,1747595368299,-1.572921395,-2.04823041,9.100849152,0.05131987482,0.06592533737,0.1203333065,0.2186327338,-0.1554494975,677840.8124,-4737765.694,235.6,-12.42878367,-13.07468859,-9.679621134,-6.073104823,-3.023626054,0.09336533998,1.142705857,18.28433285,11.42705857,-0.08106364513,94.10970414,0.2638690393
68968400,-81.85783721,41.39956966,236.4,11.73704999,1747595368392,-2.381294072,-2.433455467,10.08502769,0.01906869188,0.09805783257,0.3488657139,0.1985978317,-0.1523695016,677839.8142,-4737766.321,235.6,-13.42705108,-13.70071692,-9.982674045,-6.260283217,-2.523780667,-0.07013759645,1.178324773,19.46265763,11.78324773,0.04619773919,131.9884509,0.3787874675
68968500,-81.85784948,41.39956427,236.4,11.96597777,1747595368485,-3.189666748,-2.818680525,11.06920624,-0.01318249106,0.1301903278,0.5773981214,0.1785629296,-0.1492895057,677838.8031,-4737766.967,235.6,-14.43810787,-14.34768698,-10.11056793,-6.469700625,-2.130552902,-0.8401244726,1.200335828,20.66299345,12.00335828,0.03738051588,398.8455474,2.668570965
68968600,-81.85786176,41.39955785,236.45,12.18461666,1747595368600,-2.091250658,-4.358299375,10.94168091,-0.06599180028,-0.09792410582,0.3634379208,0.1415460068,-0.1553325995,677837.7761,-4737767.632,235.65,-15.4651514,-15.01263358,-10.2704353,-6.649466008,-1.466175267,-1.777764278,1.223508232,21.88650169,12.23508232,0.05046566277,-262.9929219,-6.618384693
68968700,-81.85787403,41.39955143,236.5,12.40325554,1747595368714,-0.992834568,-5.897918224,10.81415558,-0.1188011095,-0.3260385394,0.1494777203,0.1045290839,-0.1613756934,677836.7458,-4737768.317,235.7,-16.49539228,-15.69740997,-10.30240876,-6.8477639,-0.7666734794,-2.627176196,1.237058999,23.12356068,12.37058999,-0.03266555147,-106.1163951,1.568765268
68968800,-81.8578865,41.39954515,236.45,12.52414999,1747595368810,-2.375595331,-5.697089911,9.998664379,-0.1120573245,-0.3275804669,-0.0394256413,0.07239574245,-0.1782036957,677835.7193,-4737769.041,235.65,-17.52187975,-16.42091931,-10.26487469,-7.235093461,-0.0906347553,-3.39207407,1.255843261,24.37940395,12.55843261,0.03428262572,-70.98380089,0.3513259421
68968900,-81.85789897,41.39953887,236.4,12.64504443,1747595368906,-3.758356094,-5.496261597,9.18317318,-0.1053135395,-0.3291223943,-0.2283290029,0.04026240099,-0.195031698,677834.6966,-4737769.78,235.6,-18.54461381,-17.16036662,-10.22734061,-7.394473059,0.7036917799,-4.248447059,1.262048841,25.64145279,12.62048841,-0.02455601895,-50.60556819,0.2037823271
68969000,-81.85791102,41.39953173,236.4,12.83281666,1747595368997,-4.556473017,-6.642945051,8.739105225,0.02681562304,-0.1472706832,-0.1688232161,0.00745736774,-0.2013721797,677833.6862,-4737770.552,235.6,-19.55497553,-17.9320605,-10.10361718,-7.716938807,1.656320103,-4.548971856,1.271354493,26.91280728,12.71354493,-0.1192717291,-42.87328311,0.07732285074
68969100,-81.85792307,41.3995246,236.4,13.02058888,1747595369087,-5.354589939,-7.789628506,8.29503727,0.1589447856,0.03458102793,-0.1093174294,-0.02534766551,-0.2077126615,677832.6967,-4737771.374,235.6,-20.54448498,-18.75453347,-9.895094534,-8.2247297,2.437526776,-4.617540339,1.286697612,28.19950489,12.86697612,-0.1536127574,-39.75250772,0.03120775391
68969200,-81.8579346,41.39951673,236.3,13.03087777,1747595369195,2.687923431,-7.121760368,8.331780434,-0.2918839753,-0.2365121543,1.193130732,-0.0647564028,-0.2299083877,677831.745,-4737772.263,235.5,-21.49618233,-19.64279686,-9.516973472,-8.882633932,3.290435973,-4.632098569,1.301821684,29.50132658,13.01821684,-0.01266092859,-36.95283117,0.02799676546
68969300,-81.85794582,41.39950817,236.3,13.50416666,1747595369314,-1.378818989,-8.588155746,10.17119503,-0.1665006727,-0.1357668191,-0.1749199033,-0.1056349731,-0.2304891819,677830.8242,-4737773.198,235.5,-22.41701832,-20.57794752,-9.20835996,-9.351506541,3.936181315,-4.371249943,1.312419779,30.81374636,13.12419779,-0.3799688609,-36.04358412,0.009092470519
68969400,-81.85795602,41.39949893,236.3,13.59419443,1747595369411,-0.7913634777,-7.573563099,9.947513103,-0.03867287934,-0.2590945885,-0.8684255779,-0.1342388512,-0.2211228952,677829.9406,-4737774.223,235.5,-23.30059827,-21.60353684,-8.835799502,-10.25589322,4.58048152,-4.019992471,1.353715991,32.16746235,13.53715991,-0.05703451912,-37.03973762,-0.009961534989
68969500,-81.85796622,41.39948968,236.3,13.68422221,1747595369508,-0.2039079666,-6.558970451,9.723831177,0.08915491402,-0.3824223578,-1.561931252,-0.1628427293,-0.2117566084,677829.1199,-4737775.298,235.5,-24.1213434,-22.67823733,-8.20745127,-10.74700485,5.135569389,-3.836521188,1.352258739,33.51972109,13.52258739,-0.1616348249,-35.13540964,0.01904327982
68969600,-81.85797603,41.39947848,236.3,12.89197777,1747595369595,2.577855587,-5.869893074,10.02187252,0.03898488358,-0.3060505092,-1.148359656,-0.1826937828,-0.213888301,677828.3567,-4737776.406,235.5,-24.88453628,-23.78648166,-7.631928769,-11.08244334,5.544702767,-3.60090563,1.345610966,34.86533205,13.45610966,0.5641318941,-33.73031192,0.01405097721
68969700,-81.8579838,41.39946841,236.25,12.64761666,1747595369690,-0.8421552181,-6.235482216,10.07478142,0.01979057351,-0.2995618284,-1.041458815,-0.1963309553,-0.1977427652,677827.6555,-4737777.535,235.45,-25.58572842,-24.91529709,-7.011921445,-11.28815426,5.976676612,-3.257099938,1.328869703,36.19420175,13.28869703,0.641080378,-31.96082316,0.01769488755
68969800,-81.85799157,41.39945833,236.2,12.40325554,1747595369784,-4.262166023,-6.601071358,10.12769032,0.0005962634459,-0.2930731475,-0.9345579743,-0.2099681278,-0.1815972293,677827.0348,-4737778.686,235.4,-26.20643082,-26.06653685,-6.207024035,-11.51239767,6.343323814,-2.964232888,1.307908435,37.50211019,13.07908435,0.6758288046,-30.059989,0.01900834159
68969900,-81.85799805,41.39944817,236.2,12.71192221,1747595369897,-1.10508132,-6.188678265,10.37654591,-0.03262584284,0.005026557017,0.9846715927,-0.226806036,-0.169071803,677826.4882,-4737779.816,235.4,-26.75303818,-27.19664955,-5.466073574,-11.30112701,6.492559408,-2.696399002,1.255362227,38.75747242,12.55362227,-0.1582999436,-27.48994452,0.02570044481
68970000,-81.85800342,41.39943792,236.2,12.60131666,1747595369998,-0.6870077252,-6.053018332,10.21007109,0.005916848779,0.1511297564,1.069013059,-0.2454647558,-0.161272016,677826.0043,-4737780.955,235.4,-27.23694973,-28.33528721,-4.83911549,-11.38637657,6.672220172,-2.054613002,1.237200914,39.99467333,12.37200914,-0.229307515,-26.95549552,0.005344490034
68970100,-81.8580088,41.39942767,236.2,12.4907111,1747595370099,-0.2689341307,-5.917358398,10.04359627,0.0444595404,0.2972329557,1.153354526,-0.2641234756,-0.153472229,677825.583,-4737782.102,235.4,-27.65816547,-29.48244982,-4.212157407,-11.47162613,6.786145296,-1.43288624,1.222049411,41.21672274,12.22049411,-0.2702169943,-26.58006303,0.003754324929
68970200,-81.85801281,41.39941721,236.15,12.40582777,1747595370188,-1.931521356,-6.078383684,10.38320541,-0.005666235462,-0.1098230034,0.07733213902,-0.283547034,-0.1617703472,677825.2238,-4737783.258,235.35,-28.01738048,-30.63850804,-3.592150081,-11.5605822,6.714710895,-0.9499624927,1.210580865,42.42730361,12.10580865,-0.3000191178,-26.72576804,-0.001457050174
68970300,-81.85801682,41.39940675,236.1,12.32094443,1747595370277,-3.594108582,-6.23940897,10.72281456,-0.05579201132,-0.5168789625,-0.9986902475,-0.3029705925,-0.1700684655,677824.9293,-4737784.44,235.3,-28.31195347,-31.81995581,-2.945729886,-11.81447765,6.878911399,-0.5459912418,1.217617373,43.64492098,12.17617373,-0.1447707051,-26.60286514,0.001229028993
68970400,-81.85801958,41.39939618,236.1,11.62644443,1747595370386,-1.955231309,-6.662321091,9.978889465,-0.163458094,-0.3424753845,0.5557177663,-0.3276227139,-0.1806138174,677824.6993,-4737785.647,235.3,-28.54188444,-33.02679312,-2.299309688,-12.06837309,6.867959247,-0.001872030043,1.228545701,44.87346668,12.28545701,0.6590125772,-27.34174729,-0.007388821412
68970500,-81.85802108,41.39938479,236.1,11.70875555,1747595370503,-1.745893419,-7.492400169,9.798621178,-0.1163223647,-0.1719932982,0.5325940251,-0.3527047274,-0.1831011941,677824.5279,-4737786.864,235.3,-28.71329005,-34.24382331,-1.714056137,-12.17030192,6.821905667,0.07154313877,1.229041241,46.10250792,12.29041241,0.5816568648,-27.3715605,-0.0002981321513
68970600,-81.85802258,41.3993734,236.1,11.79106666,1747595370619,-1.536555529,-8.322479248,9.61835289,-0.06918663532,-0.001511211973,0.509470284,-0.3777867409,-0.1855885708,677824.4384,-4737788.087,235.3,-28.80281577,-35.46715456,-0.8952572173,-12.23331247,6.984597408,0.1375792231,1.226602704,47.32911063,12.26602704,0.474960384,-26.43316138,0.009383991157
68970700,-81.85802308,41.39936248,236.1,12.55244443,1747595370685,-1.376318574,-8.921849251,9.732274055,0.1212176681,0.1906186938,1.157658339,-0.394277522,-0.1857378801,677824.41,-4737789.314,235.3,-28.83117485,-36.69437763,-0.2835907973,-12.27223073,7.048915183,0.2422010057,1.227550695,48.55666132,12.27550695,-0.2769374843,-26.15415154,0.002790098412
68970800,-81.85802218,41.39935174,236.15,12.31579999,1747595370790,-2.717522681,-8.775158405,10.15523434,0.0430192817,0.08323585987,1.021885008,-0.4154534442,-0.1943733883,677824.4445,-4737790.52,235.35,-28.79669911,-37.89991766,0.34475744,-12.05540033,7.104403062,0.4425145043,1.206032897,49.76269422,12.06032897,-0.2554710211,-24.95192485,0.0120222669
68970900,-81.85802128,41.399341,236.2,12.07915555,1747595370894,-4.058726788,-8.62846756,10.57819462,-0.03517910466,-0.02414697409,0.8861116767,-0.4366293664,-0.2030088965,677824.5663,-4737791.698,235.4,-28.67492188,-39.0782149,1.217772241,-11.78297237,7.336361497,0.5061212049,1.184573371,50.94726759,11.84573371,-0.2334218313,-23.2675026,0.01684422256
68971000,-81.85801902,41.39933058,236.2,11.45153332,1747595371002,-1.855191231,-8.521976471,9.559280396,-0.01953702047,0.01145852637,1.08787322,-0.4645510028,-0.20957588,677824.7587,-4737792.86,235.4,-28.48252499,-40.23983287,1.923968932,-11.61617975,7.396289322,0.9460306113,1.177443368,52.12471096,11.77443368,0.322900352,-22.66280668,0.006046959183
68971100,-81.85801528,41.39932042,236.25,11.48754443,1747595371089,-3.327842474,-8.098740339,9.564374447,0.00009168498218,0.001231371425,0.9119394422,-0.4780044832,-0.2143476683,677825.022,-4737794.002,235.45,-28.2192304,-41.38236236,2.632945918,-11.42529485,7.47731708,1.494081701,1.172475017,53.29718597,11.72475017,0.2372057366,-21.96213678,0.007006698949
68971200,-81.85801155,41.39931025,236.3,11.52355555,1747595371175,-4.800493717,-7.675504208,9.569468498,0.01972039044,-0.008995783515,0.7360056639,-0.4914579636,-0.2191194567,677825.3797,-4737795.117,235.5,-27.86154456,-42.4972784,3.57685842,-11.1491604,7.597722605,2.048372905,1.170887243,54.46807322,11.70887243,0.1853168893,-21.23604146,0.007260953257
68971300,-81.8580064,41.39930037,236.3,12.08429999,1747595371305,-4.38572979,-6.254863739,9.649704933,-0.1013315246,-0.1494605541,0.9259750247,-0.5067109429,-0.2460741599,677825.8089,-4737796.212,235.5,-27.43226594,-43.59180867,4.292786167,-10.94530274,7.611187845,2.614617233,1.17570262,55.64377584,11.7570262,-0.3272737848,-20.93838416,0.002976572986
68971400,-81.85799984,41.39929087,236.35,12.03285555,1747595371398,-3.536511898,-7.054721594,9.407780647,-0.04977060563,-0.09618443996,0.8152870834,-0.5182069438,-0.2574573013,677826.3164,-4737797.296,235.55,-26.92486084,-44.67633139,5.074051002,-10.84522717,7.718964309,3.086199735,1.197351017,56.84112685,11.97351017,-0.05934537184,-21.06938148,-0.001309973167
68971500,-81.85799328,41.39928137,236.4,11.9814111,1747595371491,-2.687294006,-7.854579449,9.165856361,0.001790313283,-0.04290832579,0.7045991421,-0.5297029446,-0.2688404427,677826.9019,-4737798.371,235.6,-26.33932926,-45.75084655,5.855315843,-10.74515158,7.909854438,3.268004974,1.223695249,58.0648221,12.23695249,0.2555413863,-21.50141531,-0.004320338338
68971600,-81.85798487,41.39927165,236.4,11.97883888,1747595371607,-4.432420254,-7.220103502,9.468029976,-0.02464246086,-0.1500280872,0.3390513407,-0.5359983692,-0.2774821052,677827.5544,-4737799.414,235.6,-25.6867924,-46.79385643,6.525368606,-10.43009885,7.874094066,3.42772749,1.230314583,59.29513669,12.30314583,0.3243069544,-21.78488525,-0.002834699366
68971700,-81.85797645,41.39926193,236.4,11.97626666,1747595371723,-6.177546501,-6.585627556,9.77020359,-0.05107523501,-0.2571478486,-0.02649646066,-0.5422937938,-0.2861237677,677828.2766,-4737800.42,235.6,-24.96460897,-47.79980129,7.221834236,-10.05944858,7.871944538,3.628931586,1.238335155,60.53347184,12.38335155,0.4070848902,-22.03544391,-0.002505586654
68971800,-81.85796728,41.39925347,236.5,12.34666666,1747595371810,-2.950016022,-5.058264732,7.43157959,-0.1815605611,-0.3401084542,-0.4005964696,-0.5486134882,-0.3093344136,677829.0684,-4737801.388,235.7,-24.17277899,-48.76868112,7.918299866,-9.688798292,7.609315528,3.718086379,1.251288476,61.78476032,12.51288476,0.1662181075,-23.24471063,-0.01209266713
68971900,-81.85795655,41.39924563,236.55,12.62189443,1747595371904,-3.753512621,-5.697375536,8.561869144,-0.05611815304,-0.1908892542,0.01404207945,-0.5446178165,-0.3151139719,677829.9217,-4737802.298,235.75,-23.31950433,-49.67825691,8.532746595,-9.095757855,7.131874338,3.963722451,1.247159073,63.03191939,12.47159073,-0.1503037006,-24.05252577,-0.008078151431
68972000,-81.85794582,41.3992378,236.6,12.89712221,1747595371998,-4.55700922,-6.33648634,9.692158699,0.06932425499,-0.0416700542,0.4286806285,-0.5406221448,-0.3208935301,677830.8578,-4737803.137,235.8,-22.38337667,-50.51703849,9.361276563,-8.387815813,6.501130267,4.381585509,1.256936566,64.28885596,12.56936566,-0.3277565554,-25.44870837,-0.01396182597
68972100,-81.85793372,41.39923075,236.6,12.95885554,1747595372109,-1.903558612,-5.2067976,9.393153191,0.07719679177,0.01372375432,0.3358978927,-0.5378284986,-0.3238419667,677831.8643,-4737803.933,235.8,-21.37690737,-51.31282464,10.06469295,-7.957861489,5.621190613,4.656319878,1.283065095,65.57192105,12.83065095,-0.1282045983,-28.28292408,-0.02834215713
68972200,-81.85792033,41.39922422,236.65,13.25980554,1747595372193,1.551882803,-4.392618775,9.205319405,0.02963564638,-0.09238145826,0.4203826338,-0.5353855385,-0.3231851133,677832.9286,-4737804.685,235.85,-20.3126078,-52.06561535,10.64299575,-7.527907174,4.673224904,4.753883665,1.3036209,66.87554195,13.036209,-0.2235965489,-31.71790372,-0.03434979642
68972300,-81.85790695,41.39921768,236.7,13.56075554,1747595372276,5.007324219,-3.578439951,9.017485619,-0.01792549901,-0.1984866709,0.5048673749,-0.5329425783,-0.3225282598,677834.0559,-4737805.4,235.9,-19.18533439,-52.78004377,11.27273414,-7.144284127,3.747663393,4.750509146,1.334598556,68.21014051,13.34598556,-0.2147699821,-36.41044886,-0.04692545135
68972400,-81.85789275,41.39921178,236.7,13.31382221,1747595372408,3.968866825,-0.7714445591,8.917328835,0.1258691549,0.2198737264,-0.5720609426,-0.5098095727,-0.2833785694,677835.2233,-4737806.093,235.9,-18.01788561,-53.47353044,11.67448776,-6.934866719,2.601509149,4.587745337,1.357888217,69.56802872,13.57888217,0.2650599566,-43.08280157,-0.06672352711
68972500,-81.85787824,41.39920568,236.75,12.94599443,1747595372502,4.889962912,0.2178457379,9.307495117,0.05449672323,0.0787493363,-0.4849379659,-0.4852276555,-0.249995109,677836.3949,-4737806.745,235.95,-16.84626638,-54.12550428,11.71619229,-6.519738408,1.462794184,4.099429643,1.34080629,70.90883501,13.4080629,0.4620684692,-51.53659868,-0.08453797112
68972600,-81.85786373,41.39919957,236.8,12.57816666,1747595372595,5.811058998,1.207136035,9.6976614,-0.01687570848,-0.06237505376,-0.3978149891,-0.4606457383,-0.2166116485,677837.5617,-4737807.35,236,-15.67951268,-54.73003488,11.66753701,-6.045306046,0.3828845676,3.300938207,1.31406676,72.22290177,13.1406676,0.5625009471,-68.29337025,-0.1675677158
68972700,-81.8578501,41.3991949,236.8,12.47013332,1747595372713,5.852679729,2.912842751,10.02876472,-0.1479319483,-0.3336485922,-0.2963907719,-0.4194013346,-0.1749020772,677838.71,-4737807.921,236,-14.53124799,-55.30120696,11.48264693,-5.7117208,-0.7853693986,2.503367622,1.282477817,73.50537959,12.82477817,0.3546448457,-106.6380418,-0.3834467159
68972800,-81.85783701,41.3991905,236.85,12.10487777,1747595372794,4.403176069,3.563162327,9.793215752,-0.04424560256,-0.2473910004,-0.2870664597,-0.3876534375,-0.1472479616,677839.8194,-4737808.456,236.05,-13.4217685,-55.83661129,11.09479481,-5.354043283,-1.903870592,1.668719888,1.231910108,74.7372897,12.31910108,0.2142233109,-274.6777966,-1.680397547
68972900,-81.85782392,41.3991861,236.9,11.73962221,1747595372874,2.953672409,4.213481903,9.557666779,0.05944074318,-0.1611334085,-0.2777421474,-0.3559055405,-0.119593846,677840.8785,-4737808.964,236.1,-12.3627515,-56.3438462,10.59017002,-5.072349068,-2.915299713,0.7133170084,1.174224962,75.91151466,11.74224962,0.002627403902,272.5833909,5.472611875
68973000,-81.85781173,41.3991816,236.9,11.1943111,1747595372986,5.747489929,5.126726151,9.649121284,-0.03065471351,-0.1862106472,-0.001096510794,-0.3076570685,-0.08752593051,677841.9016,-4737809.475,236.1,-11.3396004,-56.85497293,10.23151106,-5.111267352,-3.873417746,-0.07014971835,1.143717065,77.05523173,11.43717065,0.2428595532,88.62017359,-1.839632174
68973100,-81.85780025,41.39917676,236.95,10.93451666,1747595373084,5.590321302,5.070484638,9.812598228,-0.08851224184,-0.1119755097,-0.2365177392,-0.2754205062,-0.06000706604,677842.8854,-4737810.006,236.15,-10.35579056,-57.38611478,9.838098343,-5.311418502,-4.54199902,-0.6090163333,1.118031062,78.17326279,11.18031062,0.2457939608,56.29117815,-0.3232899544
68973200,-81.85778877,41.39917192,237,10.67472221,1747595373181,5.433152676,5.014243126,9.976075172,-0.1463697702,-0.03774037212,-0.4719389677,-0.243183944,-0.03248820157,677843.8154,-4737810.56,236.2,-9.42577957,-57.9406076,9.30010992,-5.544928182,-5.058549846,-1.256400226,1.08276624,79.25602903,10.8276624,0.1529401877,38.65494779,-0.1763623035
68973300,-81.85777803,41.39916662,237,10.60784444,1747595373267,5.147816658,4.282547951,9.589270592,0.001216275152,0.111857973,-0.4183039665,-0.2162185522,-0.01158079536,677844.6971,-4737811.143,236.2,-8.544145832,-58.52364049,8.816337388,-5.830328884,-5.392958634,-1.882810129,1.056979375,80.3130084,10.56979375,-0.0380506898,29.68259493,-0.08972352858
68973400,-81.85776817,41.39916117,237,10.0831111,1747595373377,3.820602179,5.136286259,10.23691368,-0.001416135114,-0.1683044136,-1.079811096,-0.1823599175,0.01181708115,677845.5306,-4737811.77,236.2,-7.710611316,-59.15003946,8.335345157,-6.263989722,-5.432908997,-2.405076842,1.042667474,81.35567588,10.42667474,0.3435636373,25.28493508,-0.04397659852
68973500,-81.85775888,41.39915538,237,10.11912221,1747595373487,3.976962328,5.096094131,8.707061768,0.149036482,0.1328528821,-0.4491981268,-0.141484387,0.0437692671,677846.316,-4737812.44,236.2,-6.925176023,-59.81980452,7.854352928,-6.697650542,-5.356357539,-3.05619876,1.032227604,82.38790348,10.32227604,0.2031538291,22.13861578,-0.03146319304
68973600,-81.85775028,41.39914859,237.05,9.94163888,1747595373578,3.730555058,5.910526276,9.386045933,0.03977717832,0.0633742814,-0.1690813676,-0.1094014811,0.0512231929,677847.045,-4737813.142,236.25,-6.19618086,-60.5221868,7.289951633,-7.023822796,-5.259169666,-3.624218182,1.012311619,83.4002151,10.12311619,0.1814773139,19.70396627,-0.02434649505
68973700,-81.85774168,41.3991418,237.1,9.764155547,1747595373669,3.484147787,6.72495842,10.0650301,-0.06948212534,-0.006104319356,0.1110353917,-0.0773185752,0.05867711871,677847.7204,-4737813.878,236.3,-5.520845523,-61.25829825,6.753353365,-7.361114537,-5.076973092,-4.019210938,0.9989684124,84.39918351,9.989684124,0.2255285771,18.57618258,-0.01127783696
68973800,-81.85773433,41.39913503,237.1,9.476066658,1747595373779,-1.083836555,5.855447769,9.084230423,0.1208624467,0.1174114719,-1.602644444,-0.02970224649,0.07156447278,677848.3443,-4737814.652,236.3,-4.896945772,-62.03184538,6.238997509,-7.735471316,-4.910795747,-4.347452727,0.9937937733,85.39297729,9.937937733,0.4618710748,18.11413948,-0.004620430968
68973900,-81.85772768,41.39912807,237.1,9.846466658,1747595373919,-2.382138729,6.860395908,10.08510399,-0.2385539114,-0.4453037679,-1.383441687,0.01286864677,0.06548809216,677848.9145,-4737815.455,236.3,-4.326705849,-62.83504454,5.702399237,-8.031991543,-4.827763881,-4.558786386,0.985039315,86.3780166,9.85039315,0.003926491586,17.71926859,-0.003948708873
68974000,-81.85772148,41.3991206,237.1,9.73328888,1747595374003,1.194833636,6.629161835,8.954197884,-0.1448319256,-0.4172877669,-0.6158279777,0.03704556159,0.05214696754,677849.4311,-4737816.288,236.3,-3.810125752,-63.66789571,5.165800964,-8.328511771,-4.900398013,-4.534365142,0.9800490188,87.35806562,9.800490188,0.06720130731,17.58977694,-0.001294916542
68974100,-81.8577161,41.39911248,237.15,9.951927769,1747595374099,1.938652217,7.043364048,8.898299217,-0.06392487325,-0.07098817825,-0.8780591786,0.06366734681,0.05981732432,677849.9012,-4737817.162,236.35,-3.339976697,-64.54188907,4.70149055,-8.739933576,-4.955504163,-4.436722623,0.9924235603,88.35048918,9.924235603,-0.02769216573,18.30185094,0.007120739989
68974200,-81.85771072,41.39910435,237.2,10.17056666,1747595374195,2.682470798,7.457566261,8.842400551,0.01698217914,0.2753114104,-1.14029038,0.09028913203,0.0674876811,677850.3272,-4737818.082,236.4,-2.914034443,-65.46221372,4.259422544,-9.20324645,-5.047420454,-4.320281001,1.014112546,89.36460173,10.14112546,-0.02944119637,19.35552094,0.0105367
68974300,-81.85770615,41.39909573,237.2,10.66443332,1747595374282,3.428647995,9.516111374,10.78401852,0.03158374876,-0.2045767158,-1.319113851,0.13097075,0.06964393112,677850.7061,-4737819.047,236.4,-2.535079291,-66.42738704,3.789551518,-9.651733264,-5.265313781,-4.156026825,1.036902386,90.40150411,10.36902386,-0.2954094689,20.19302524,0.008375043007
68974400,-81.85770215,41.39908668,237.2,10.58726666,1747595374390,-1.215355396,6.672490597,8.629950523,0.2966220379,0.5075320005,0.211450994,0.1653219016,0.08096667488,677851.0405,-4737820.072,236.4,-2.200747986,-67.45223506,3.343313056,-10.24848022,-5.475558776,-3.978050456,1.078003195,91.47950731,10.78003195,0.1927652961,21.82780247,0.01634777228
68974500,-81.85769877,41.3990772,237.3,11.26633332,1747595374509,3.203649759,9.417559624,9.981430054,-0.00615293812,-0.1244780049,-1.220978141,0.1941169475,0.06412935663,677851.3302,-4737821.157,236.5,-1.911040525,-68.53675778,2.897074603,-10.84522716,-5.69088448,-3.880195895,1.122550637,92.60205794,11.22550637,-0.04082694933,23.52602576,0.01698223295
68974600,-81.85769606,41.39906639,237.3,11.76534443,1747595374589,1.788795471,7.794260263,8.455127239,-0.1632663212,-0.07824146003,-0.09934747219,0.2100836212,0.06601000442,677851.562,-4737822.283,236.5,-1.679163345,-69.66353463,2.3187718,-11.26776849,-5.945619757,-3.829766118,1.150388236,93.75244618,11.50388236,-0.2614620727,24.39532495,0.008692991921
68974700,-81.85769335,41.39905558,237.3,12.26435554,1747595374669,0.3739411831,6.170960903,6.928824425,-0.3203797042,-0.03200491518,1.022283196,0.2260502949,0.06789065221,677851.7283,-4737823.446,236.5,-1.51290129,-70.8266352,1.662620548,-11.63100576,-6.281828158,-3.695125205,1.174923836,94.92737002,11.74923836,-0.5151171831,24.9380923,0.005427673459
68974800,-81.85769225,41.39904507,237.4,11.4721111,1747595374791,0.6891105771,8.381028175,8.471945763,-0.07785215974,-0.07826185226,-0.4445666671,0.258523428,0.05591533129,677851.8251,-4737824.641,236.6,-1.416146783,-72.02124105,0.9675450716,-11.94605849,-6.590542556,-3.505995401,1.198517655,96.12588767,11.98517655,0.5130654454,25.57165974,0.006335674362
68974900,-81.85769218,41.39903438,237.4,12.31065554,1747595374899,-0.7180317044,7.000594139,10.33019161,0.1677067429,-0.0006583249196,-1.024019957,0.2904563175,0.05437331537,677851.8419,-4737825.847,236.6,-1.399325956,-73.22678109,0.1682082703,-12.05540033,-6.905855516,-3.349223305,1.205657377,97.33154505,12.05657377,-0.2540817716,25.51770227,-0.0005395746942
68975000,-81.85769297,41.39902348,237.4,12.00198888,1747595375016,1.777913451,8.43324852,9.648353577,-0.06723795831,0.09313813597,0.2805645466,0.3174615006,0.05407880506,677851.7788,-4737827.063,236.6,-1.46243881,-74.4432553,-0.6311285356,-12.16474217,-7.073559805,-3.015123081,1.218110321,98.54965537,12.18110321,0.1791143301,26.23529562,0.007175933568
68975100,-81.85769505,41.39901218,237.45,12.3981111,1747595375088,1.017134488,7.253657818,9.104054451,-0.1321521252,0.1566135325,0.7037090659,0.335170413,0.0529918854,677851.6417,-4737828.303,236.65,-1.599507695,-75.68345114,-1.370688848,-12.40195833,-7.267090267,-2.615719857,1.247747404,99.79740277,12.47747404,0.07936293778,27.46940103,0.01234105403
68975200,-81.85769713,41.39900088,237.5,12.79423332,1747595375160,0.2563555241,6.074067116,8.559755325,-0.1970662922,0.2200889289,1.126853585,0.3528793255,0.05190496575,677851.4321,-4737829.571,236.7,-1.809142459,-76.95107509,-2.096347648,-12.67623954,-7.28703136,-2.249225598,1.284841322,101.0822441,12.84841322,0.05417989555,29.68040766,0.02211006635
68975300,-81.85770047,41.3989893,237.5,13.58647777,1747595375301,-3.092136383,5.418127537,9.739239693,0.3343681693,0.2871569991,0.6609402895,0.3729777126,0.03992300931,677851.1501,-4737830.866,236.7,-2.091065074,-78.24612716,-2.819226149,-12.95052075,-7.215983242,-1.978744222,1.325383053,102.4076271,13.25383053,-0.3326472356,32.58066823,0.02900260574
68975400,-81.85770475,41.39897738,237.6,13.87456665,1747595375396,2.000375271,4.46004343,10.38431168,-0.09692443907,-0.07941607386,-0.1015454531,0.3724878773,0.02542140808,677850.7968,-4737832.187,236.8,-2.444441449,-79.56731009,-3.533763742,-13.21182921,-7.092119383,-1.66900464,1.367625377,103.7752525,13.67625377,-0.1983128857,35.91487888,0.03334210648
68975500,-81.85770987,41.39896525,237.6,14.18837777,1747595375507,0.3255796432,4.824749947,8.882927895,-0.1155554056,-0.03616324067,0.05239779875,0.3740588387,0.02567673132,677850.3719,-4737833.534,236.8,-2.869271582,-80.91462385,-4.248301336,-13.47313764,-6.807277045,-1.658051133,1.412704859,105.1879574,14.12704859,-0.06132917108,41.1548746,0.0523999572
68975600,-81.85771623,41.39895278,237.65,14.48675554,1747595375590,-0.2357053459,4.378627419,9.298382282,-0.03394969925,0.09715920687,-0.1578545216,0.3743190387,0.0227028007,677849.8829,-4737834.9,236.85,-3.35832669,-82.28009948,-4.890551079,-13.65475629,-6.370013442,-1.717435142,1.450413248,106.6383706,14.50413248,0.01737693942,48.09199245,0.06937117851
68975700,-81.8577226,41.3989403,237.7,14.78513332,1747595375672,-0.796990335,3.932504892,9.71383667,0.04765600711,0.2304816544,-0.368106842,0.3745792388,0.01972887009,677849.3363,-4737836.278,236.9,-3.904934047,-83.65854787,-5.466073574,-13.78448388,-5.961293611,-1.766289743,1.482868693,108.1212393,14.82868693,0.04355360889,55.78871757,0.0769672512
68975800,-81.85772978,41.3989279,237.7,15.3150111,1747595375779,-2.901733637,3.781506777,9.436004639,0.04608264938,0.07235570252,-0.8985465765,0.3749840832,0.009630039483,677848.7363,-4737837.67,236.9,-4.504923202,-85.04996901,-5.999891544,-13.91421149,-5.550837794,-1.835076329,1.515268886,109.6365082,15.15268886,-0.1623222341,65.2956941,0.0950697653
68975900,-81.85773752,41.3989154,237.7,15.37159999,1747595375892,-5.195484161,2.92991066,10.22308064,0.1553056538,0.00446594134,-0.3461196125,0.3776025954,-0.005581377145,677848.0965,-4737839.065,236.9,-5.144670674,-86.44491134,-6.397474718,-13.94942325,-5.065807346,-1.879411375,1.534646838,111.171155,15.34646838,-0.02513160916,76.68319184,0.1138749774
68976000,-81.85774583,41.39890268,237.7,15.83974443,1747595376001,0.9735498428,4.324100494,9.268130302,0.2188018858,0.4211424589,0.8883376122,0.3777855359,-0.01064037179,677847.4049,-4737840.471,236.9,-5.836270776,-87.85134382,-6.916001022,-14.06432485,-4.696033553,-1.648315351,1.567278864,112.7384339,15.67278864,-0.1669557929,87.79825215,0.1111506031
68976100,-81.85775458,41.39889005,237.8,16.1947111,1747595376113,-0.7219147086,3.525690794,10.42773724,0.1484338194,0.1642796844,0.2027376592,0.3776560186,-0.02257519802,677846.6751,-4737841.891,237,-6.56610003,-89.27093439,-7.29829254,-14.19590568,-4.287245555,-1.316977767,1.59621055,114.3346445,15.9621055,-0.2326055931,99.04370726,0.1124545511
68976200,-81.85776406,41.39887706,237.8,16.45707776,1747595376196,-0.8392376602,3.208815217,9.795846939,0.06028047856,0.04185403138,-0.01155230403,0.3743114805,-0.0294374672,677845.9041,-4737843.328,237,-7.337077753,-90.70831617,-7.709777227,-14.37381783,-3.868768764,-1.037348223,1.631095656,115.9657401,16.31095656,-0.1461212074,113.9533324,0.1490962511
68976300,-81.85777353,41.39886407,237.8,16.71944443,1747595376279,-0.9565606117,2.89193964,9.163956642,-0.02787286229,-0.08057162166,-0.2258422673,0.3709669423,-0.03629973638,677845.0981,-4737844.778,237,-8.143087279,-92.15792941,-8.060095266,-14.49613241,-3.339311658,-0.6683821664,1.658622894,117.624363,16.58622894,-0.1332154911,132.7863963,0.1883306392
68976400,-81.85778373,41.39885077,237.8,17.10527776,1747595376393,2.343247175,0.9100728035,10.24480343,-0.1030928344,-0.2343305349,-0.3597836196,0.3593975514,-0.03732455562,677844.2665,-4737846.249,237,-8.974675584,-93.62941102,-8.315883044,-14.71481608,-2.783578478,-0.2726987677,1.690206269,119.3145693,16.90206269,-0.2032150743,156.4702725,0.2368387625
68976500,-81.85779415,41.3988375,237.8,17.15672221,1747595376481,4.692445755,0.06009031087,8.730302811,-0.03353701904,-0.0327395089,-0.5789404511,0.3456898841,-0.02571963557,677843.4106,-4737847.724,237,-9.83059153,-95.10459913,-8.559159462,-14.75188111,-2.31000917,0.04523168472,1.70551226,121.0200815,17.0551226,-0.1015996056,180.6116072,0.2414133469
68976600,-81.85780443,41.39882388,237.8,17.37278887,1747595376594,4.433661938,-0.3024472296,9.39497757,-0.0832759887,-0.2794062197,-1.289247274,0.3213073642,-0.009697532631,677842.5304,-4737849.203,237,-10.71083512,-96.58349375,-8.802435879,-14.78894614,-1.891795954,0.3090610256,1.721034007,122.7411155,17.21034007,-0.1624488063,208.506304,0.2789469675
68976700,-81.85781537,41.39881073,237.8,17.29562221,1747595376681,3.778685451,-0.1913503706,9.011782169,-0.008970148861,-0.07570608705,-0.9671140909,0.3073853233,0.007331474155,677841.6357,-4737850.676,237,-11.60553628,-98.05571666,-8.947011579,-14.72222908,-1.311109135,0.6529091323,1.722768253,124.4638838,17.22768253,-0.06793967591,255.3546457,0.4684834168
68976800,-81.8578263,41.39879757,237.8,17.21845554,1747595376768,3.123708963,-0.08025351167,8.628586769,0.06533569098,0.1279940456,-0.6449809074,0.2934632825,0.02436048094,677840.7351,-4737852.13,237,-12.50607607,-99.5097777,-9.005397917,-14.54061044,-0.7749262256,1.012315105,1.710340737,126.1742245,17.10340737,-0.1150481691,308.0355524,0.5268090671
68976900,-81.85783737,41.39878457,237.8,16.77088887,1747595376873,1.189100504,-1.245494604,9.67516613,-0.1116697639,-0.4619921744,0.1614575833,0.2733729755,0.02906473613,677839.8276,-4737853.556,237,-13.41356661,-100.9364106,-9.07490547,-14.26632924,-0.227863878,1.298221068,1.690804718,127.8650293,16.90804718,0.1371583009,403.1908248,0.9515527239
68977000,-81.85784813,41.39877212,237.8,16.60626665,1747595376977,3.523128986,-2.561973095,10.401371,-0.09072274715,0.03326753899,-0.3814834654,0.2373747597,0.05390848258,677838.9288,-4737854.96,237,-14.31243823,-102.3406192,-8.988716109,-14.04208583,0.5270803469,1.702664885,1.667264801,129.5322941,16.67264801,0.06638135846,734.4405417,3.312497169
68977100,-81.85785883,41.39875973,237.8,16.26673332,1747595377091,0.6607692242,-3.416852951,9.52539444,-0.08079566807,0.06556200981,0.9543813467,0.2067619545,0.07136266394,677838.0413,-4737856.341,237,-15.1999106,-103.7216621,-8.87472373,-13.8104294,1.14484544,1.920305276,1.641611042,131.1739051,16.41611042,0.1493771026,4494.105389,37.59664847
68977200,-81.85786925,41.39874758,237.8,15.89118888,1747595377239,2.598013163,-4.338557243,9.465987206,-0.01370130945,0.05319620669,0.3783892691,0.1538256207,0.07077317015,677837.1793,-4737857.694,237,-16.06194321,-105.0737944,-8.620326102,-13.52132219,1.834926556,2.029991852,1.603546619,132.7774517,16.03546619,0.1442773122,-704.1226169,-51.98228006
68977300,-81.8578795,41.39873547,237.8,15.7317111,1747595377300,2.122198582,-5.998089314,9.036812782,0.1016563028,0.1274710745,0.05799079686,0.1315043651,0.07505752429,677836.3377,-4737859.029,237,-16.9035406,-106.4092473,-8.415973914,-13.35452956,2.40711069,1.933021772,1.578518536,134.3559703,15.78518536,0.05347425872,-308.9050406,3.952175764
68977400,-81.85788904,41.39872377,237.8,15.51049999,1747595377397,2.104175687,-5.778848886,9.397602081,0.03000367247,0.06365877052,0.2925064303,0.09709737636,0.08818934297,677835.5172,-4737860.355,237,-17.7240077,-107.735434,-8.204670966,-13.26186698,2.883088567,1.727734367,1.559467029,135.9154373,15.59467029,0.08417030306,-196.3710539,1.125339867
68977500,-81.85789858,41.39871207,237.8,15.28928888,1747595377493,2.086152792,-5.559608459,9.75839138,-0.04164895788,-0.0001535334159,0.5270220637,0.0626903876,0.1013211616,677834.734,-4737861.665,237,-18.50721875,-109.0456828,-7.83211051,-13.10248736,3.499453962,1.373938421,1.526489863,137.4419271,15.26489863,-0.02439024714,-126.0622591,0.703087948
68977600,-81.85790802,41.3987001,237.8,14.51762221,1747595377575,1.627237439,-4.896971703,9.17193985,0.1487833858,0.188734144,1.125434518,0.04028773333,0.1046357781,677834.0021,-4737862.957,237,-19.23913323,-110.3372137,-7.319144809,-12.91530897,4.102972164,1.09990683,1.484503575,138.9264307,14.84503575,0.3274135432,-90.32951491,0.3573274416
68977700,-81.8579162,41.39868867,237.8,14.38386665,1747595377684,-5.488334179,-3.902234077,12.12107849,0.3228455484,0.1845239997,-0.1104713976,0.02175153957,0.0986762877,677833.3096,-4737864.239,237,-19.93156742,-111.619293,-6.924341932,-12.82079316,4.577618511,0.7868957546,1.457117869,140.3835486,14.57117869,0.1873120345,-71.99890096,0.1833061395
68977800,-81.85792338,41.39867739,237.8,14.16779999,1747595377777,-2.162447214,-4.31315589,10.79506207,0.09008325636,-0.08678327501,-0.1774699017,-0.007702029104,0.07224992268,677832.6721,-4737865.516,237,-20.56909065,-112.8965538,-6.375232304,-12.77260862,5.137668931,0.5449431487,1.427526245,141.8110748,14.27526245,0.1074624604,-57.90243126,0.140964697
68977900,-81.85793055,41.39866612,237.8,13.95173332,1747595377870,1.163439751,-4.724077702,9.469045639,-0.1426790357,-0.3580905497,-0.2444684058,-0.03715559777,0.04582355767,677832.098,-4737866.787,237,-21.143223,-114.1667723,-5.741323464,-12.70218506,5.817874933,0.5048913546,1.393945122,143.20502,13.93945122,-0.01228210183,-47.09907127,0.1080335999
68978000,-81.8579368,41.39865463,237.8,13.6482111,1747595377986,-4.824020386,-13.48933125,9.273304939,0.1895050108,-0.8562355638,-1.943014741,-0.09703408739,0.01654094268,677831.5767,-4737868.066,237,-21.66452961,-115.4466278,-5.2130661,-12.79855414,6.21520634,0.5079811133,1.381951686,144.5869716,13.81951686,0.171305763,-42.34534735,0.04753723927
68978100,-81.85794243,41.39864298,237.8,13.93115554,1747595378096,6.896392345,-4.173629761,9.419066429,-0.5903713107,-0.01940544322,3.067321062,-0.1417856017,0.03874545527,677831.1143,-4737869.35,237,-22.12689382,-116.730375,-4.62364209,-12.83747241,6.61500994,0.623550329,1.364473393,145.951445,13.64473393,-0.2864216132,-38.1665583,0.0417878905
68978200,-81.85794745,41.39863112,237.8,13.51959999,1747595378217,-6.118943214,-15.51624298,8.672175407,0.3635828197,-0.4307833016,-2.012758493,-0.1888636192,0.03412595093,677830.7109,-4737870.638,237,-22.53031563,-118.0180141,-4.034218084,-12.8763907,6.811176189,0.8287650688,1.34935671,147.3008017,13.4935671,-0.02603288822,-35.86362329,0.02302935003
68978300,-81.85795109,41.39861967,237.8,13.11318888,1747595378295,-3.403642118,-12.40500259,8.889937401,0.1901924489,-0.2428895663,-0.7915551215,-0.2165883353,0.03388942452,677830.3764,-4737871.918,237,-22.86478595,-119.2982401,-3.344703207,-12.80226063,7.055204719,1.249560348,1.323196572,148.6239983,13.23196572,0.1187768411,-33.0660445,0.0279757879
68978400,-81.85795473,41.39860822,237.8,12.70677777,1747595378372,-0.6883410215,-9.293762207,9.107699394,0.01680207811,-0.0549958311,0.4296482503,-0.2443130513,0.0336528981,677830.1295,-4737873.178,237,-23.11167676,-120.5582657,-2.468908106,-12.60025624,7.044538865,1.582854807,1.283985843,149.9079842,12.83985843,0.1330806668,-30.59762518,0.02468419327
68978500,-81.85795685,41.39859707,237.8,12.3981111,1747595378505,1.388375998,-6.359506607,10.86040115,0.3940085471,-0.07259480655,-0.7793364525,-0.2624329544,0.02976019147,677829.9599,-4737874.413,237,-23.28127517,-121.7932725,-1.695984171,-12.35006729,6.910668101,1.932373535,1.246597467,151.1545816,12.46597467,0.06786356713,-28.88369147,0.0171393371
68978600,-81.85795723,41.39858633,237.8,11.99941666,1747595378586,1.600765109,-5.111318946,10.50992155,0.1831863932,0.0001304075122,0.1138660312,-0.2646763515,0.03906112958,677829.865,-4737875.62,237,-23.37622248,-123.0001098,-0.9494731063,-12.0683731,6.732743319,2.368296557,1.210566513,152.3651481,12.10566513,0.1062484781,-27.41274641,0.01470945051
68978700,-81.85795762,41.39857558,237.8,11.60072221,1747595378666,1.813154221,-3.863131285,10.15944195,-0.02763576061,0.07285562158,1.007068515,-0.2669197486,0.04836206769,677829.8541,-4737876.792,237,-23.38706566,-124.1724766,-0.1084317768,-11.72366833,6.721527585,2.892889687,1.172416976,153.5375651,11.72416976,0.123447551,-25.00193317,0.02410813247
68978800,-81.85795678,41.3985654,237.8,11.3332111,1747595378800,3.604393959,-6.002297878,9.547340393,-0.2253670245,-0.1241741106,0.8538867831,-0.2886226994,0.05193865631,677829.9139,-4737877.925,237,-23.32728917,-125.3053692,0.5977649125,-11.32892578,6.404855831,3.290069507,1.13446852,154.6720336,11.3446852,0.01147409479,-23.79294095,0.01208992213
68978900,-81.85795538,41.3985555,237.8,10.8239111,1747595378893,-2.584903002,-7.700881958,10.47737694,0.09418172389,-0.2638682425,-0.2793416381,-0.3098357207,0.05693907459,677830.0154,-4737879.028,237,-23.22580815,-126.4078685,1.0148102,-11.02499255,6.160286513,3.630379528,1.107159882,155.7791935,11.07159882,0.2476877198,-22.97455934,0.008183816094
68979000,-81.85795327,41.39854612,237.8,10.41492777,1747595378986,-3.207332134,-7.776415348,10.45138311,-0.0146359615,-0.3302399516,-0.2853765339,-0.3325705526,0.05275125199,677830.1708,-4737880.083,237,-23.07038927,-127.4634804,1.554188773,-10.55611994,5.996440478,3.956088933,1.066991898,156.8461854,10.66991898,0.2549912072,-21.13871948,0.01835839868
68979100,-81.85795115,41.39853675,237.8,10.00594444,1747595379079,-3.829761267,-7.851948738,10.42538929,-0.1234536469,-0.3966116607,-0.2914114296,-0.3553053846,0.0485634294,677830.3716,-4737881.096,237,-22.86965148,-128.4764677,2.007377985,-10.12987212,5.800428739,4.069101503,1.032685216,157.8788706,10.32685216,0.3209077272,-19.83478856,0.01303930917
68979200,-81.8579483,41.39852812,237.8,9.820744436,1747595379194,1.692926884,-6.007893085,10.661726,-0.2157295644,-0.1976033002,1.61677444,-0.3714121662,0.03971571578,677830.6273,-4737882.064,237,-22.6138637,-129.4446062,2.557877769,-9.681385299,5.544366477,4.073802805,1.001358877,158.8802295,10.01358877,0.1928443309,-18.83543988,0.009993486775
68979300,-81.85794475,41.39851985,237.8,9.692133325,1747595379306,-0.3487195969,-5.987071514,10.37265587,0.0740204379,-0.1702145636,-0.5839493275,-0.3888041073,0.03127850138,677830.9262,-4737882.999,237,-22.31498124,-130.3795715,2.988824565,-9.349653283,5.318533979,3.970295767,0.9815757169,159.8618052,9.815757169,0.1236238437,-18.43292274,0.004025171441
68979400,-81.85794005,41.39851197,237.85,9.53522777,1747595379384,-2.44188261,-6.007278681,9.990509033,0.09919837117,-0.2318030596,-0.6582626998,-0.3958860386,0.02604021559,677831.2799,-4737883.892,237.05,-21.96132684,-131.2717267,3.536544043,-8.921552226,5.256692941,3.887659784,0.9596938985,160.8214991,9.596938985,0.06171121576,-17.46470902,0.009682137173
68979500,-81.85793535,41.39850408,237.9,9.378322214,1747595379461,-4.535045624,-6.027485847,9.608362198,0.1243763044,-0.2933915555,-0.7325760722,-0.4029679699,0.0208019298,677831.6878,-4737884.745,237.1,-21.55345655,-132.1253343,4.078702916,-8.536075922,5.343064984,3.782474586,0.9460465613,161.7675457,9.460465613,0.08214339915,-16.60434069,0.008603683322
68979600,-81.85792995,41.39849663,237.8,9.37317777,1747595379575,-8.973682404,-4.513550758,11.56379318,-0.3968033791,-0.7419702411,-0.4360020757,-0.4076512298,-0.005934850463,677832.1582,-4737885.563,237,-21.08302946,-132.9433595,4.704270849,-8.180251662,5.481789236,3.682323896,0.9436454921,162.7111912,9.436454921,0.0632771512,-16.17576876,0.004285719275
68979700,-81.85792385,41.39848973,237.9,9.275433325,1747595379692,-5.06800127,-4.802577972,11.36392021,0.3314967752,0.3316672146,0.4887652397,-0.4025969492,-0.02602441279,677832.672,-4737886.354,237.1,-20.56922967,-133.7343272,5.137997946,-7.909676954,5.704058879,3.552117669,0.9431967579,163.6543879,9.431967579,0.1565342537,-15.8454593,0.003303094576
68979800,-81.85791655,41.39848307,237.9,9.473494436,1747595379783,-5.516845942,-4.848241568,10.64088106,0.09098960459,0.03804534674,0.299154181,-0.4121630314,-0.05643116058,677833.25,-4737887.111,237.1,-19.9912049,-134.4915657,5.780247693,-7.572385203,6.089506518,3.438802175,0.9526399165,164.6070279,9.526399165,0.05290472914,-15.69016999,0.001552893101
68979900,-81.85790925,41.3984764,237.9,9.671555547,1747595379874,-5.965690613,-4.893905163,9.917841911,-0.149517566,-0.2555765212,0.1095431224,-0.4217291136,-0.08683790837,677833.8936,-4737887.836,237.1,-19.347565,-135.2165577,6.436398947,-7.249919455,6.364273787,3.339311834,0.9694769905,165.5765048,9.694769905,0.02321435786,-16.15745348,-0.004672834893
68980000,-81.8579007,41.39847003,237.9,10.29403332,1747595379960,-6.212174416,-5.301252365,9.562929153,0.01692750491,-0.102757968,0.5132696629,-0.4236311514,-0.1063288434,677834.6012,-4737888.532,237.1,-18.63997816,-135.9126389,7.075868387,-6.960812248,6.382406191,3.208663364,0.9925765492,166.5690814,9.925765492,-0.3682678329,-17.50295026,-0.01345496778
68980100,-81.85789137,41.39846403,237.9,10.24773332,1747595380068,-4.991636276,-3.172777176,9.650560379,-0.01231347956,-0.1137644202,-0.8019227982,-0.4207758523,-0.1311261132,677835.3647,-4737889.2,237.1,-17.87650726,-136.58018,7.634709072,-6.675411519,6.319083654,3.159730022,1.014149405,167.5832308,10.14149405,-0.1062392747,-18.93391705,-0.01430966786
68980200,-81.85788143,41.39845843,237.9,10.72102221,1747595380186,-4.684346199,-4.160820484,9.433019638,-0.07974077761,-0.2714485824,0.6116121411,-0.4140163302,-0.1608569304,677836.1963,-4737889.835,237.1,-17.04491895,-137.2147333,8.315883046,-6.345532779,6.026811116,3.055502042,1.046038704,168.6292695,10.46038704,-0.2606351704,-21.69658817,-0.02762671122
68980300,-81.85787078,41.39845305,237.9,10.75188888,1747595380298,-5.269377708,-1.419052839,11.93884087,-0.36961779,-0.4026945531,0.2335598618,-0.3982106147,-0.1718584265,677837.0929,-4737890.437,237.1,-16.14827158,-137.81704,8.966473694,-6.02306704,5.644985413,2.933644242,1.080161965,169.7094315,10.80161965,0.04973077085,-25.28107465,-0.03584486484
68980400,-81.8578594,41.39844787,237.9,11.32292221,1747595380409,-0.2799038887,-1.820138216,10.83260345,0.05582787469,-0.144904837,0.24243325,-0.3787731742,-0.1829411574,677838.0416,-4737891.015,237.1,-15.19963257,-138.3952545,9.486390151,-5.782144349,4.954640718,2.672516955,1.110967107,170.8203986,11.10967107,-0.2132511387,-30.7863361,-0.05505261445
68980500,-81.85784695,41.39844295,237.9,11.66759999,1747595380489,1.428691626,-1.588049889,10.30277061,0.05864447914,-0.1933737919,0.05463617295,-0.3691288276,-0.1823904776,677839.045,-4737891.566,237.1,-14.1962216,-138.9464114,10.03410963,-5.511569651,4.10476268,2.341748835,1.144817698,171.9652163,11.44817698,-0.2194230126,-39.53745631,-0.08751120208
68980600,-81.8578345,41.39843803,237.9,12.01227777,1747595380569,3.13728714,-1.355961561,9.772937775,0.06146108359,-0.2418427467,-0.133160904,-0.359484481,-0.1818397978,677840.0915,-4737892.096,237.1,-13.14971596,-139.4760707,10.46505643,-5.296592489,3.167994529,1.96736661,1.172907916,173.1381242,11.72907916,-0.2831986043,-52.58125357,-0.1304379726
68980700,-81.85782128,41.39843365,237.9,12.16146666,1747595380655,3.111410856,1.330439568,9.812018394,0.121040225,0.1451020688,-0.1035869792,-0.3318517257,-0.1544736365,677841.1647,-4737892.606,237.1,-12.07651942,-139.9864561,10.73196541,-5.103854332,2.135938093,1.49608701,1.188378772,174.326503,11.88378772,-0.2776789354,-75.8895367,-0.2330828314
68980800,-81.85780805,41.39842923,237.9,11.81678888,1747595380786,4.278073788,3.52041769,9.523329735,-0.05174537003,-0.2015729398,-0.7647119761,-0.2966050935,-0.1336640333,677842.2446,-4737893.102,237.1,-10.99665016,-140.4820155,10.79869266,-4.955594242,0.8944819316,0.887197916,1.188148465,175.5146514,11.88148465,0.06469576787,-145.9023844,-0.700128477
68980900,-81.85779507,41.39842492,237.9,11.9351111,1747595380883,4.422327995,4.490487576,9.025815964,0.02803713642,-0.08954009414,-0.4202193916,-0.2642505167,-0.1124280453,677843.3211,-4737893.586,237.1,-9.920117252,-140.9664554,10.76532903,-4.84439915,-0.2502726162,0.2371119779,1.180510535,176.695162,11.80510535,-0.1300057495,-1495.601677,-13.49699292
68981000,-81.85778222,41.39842067,237.9,11.54413332,1747595380968,5.830440998,5.861434937,10.2521286,-0.05377188325,-0.08203472197,-0.4272343516,-0.2217810185,-0.08832865817,677844.3754,-4737894.076,237.1,-8.865826764,-141.4557138,10.54290488,-4.892583685,-1.29291765,-0.4102355886,1.162283177,177.8574451,11.62283177,0.07869844976,179.3821778,16.74983855
68981100,-81.85776997,41.39841625,238,11.41037777,1747595381063,4.726716042,6.406692028,9.148781776,0.06813751906,0.1270389557,-0.7144392133,-0.1892335618,-0.06305510957,677845.398,-4737894.578,237.2,-7.843231717,-141.9579449,10.22595046,-5.022311285,-2.339007384,-1.189776487,1.139270264,178.9967154,11.39270264,-0.01767512452,75.12102358,-1.042611543
68981200,-81.85775808,41.39841165,238,10.95766666,1747595381175,4.983584404,5.905379295,9.438178062,-0.02069540508,0.08973497152,-0.3710404932,-0.1424693291,-0.02104836839,677846.3789,-4737895.101,237.2,-6.8623412,-142.4816738,9.808905176,-5.237288438,-3.351677143,-1.944987036,1.111952386,180.1086678,11.11952386,0.1618572054,45.50782745,-0.2961319613
68981300,-81.85774675,41.39840665,238,10.80847777,1747595381285,5.297991276,6.806826115,9.995265961,0.06833744049,-0.01916517317,-0.8885582685,-0.1028242601,0.00177347801,677847.3064,-4737895.656,237.2,-5.934832479,-143.0357959,9.275087207,-5.541221667,-4.196601717,-2.603518325,1.080427602,181.1890954,10.80427602,-0.004201751315,32.18670612,-0.1332112133
68981400,-81.85773627,41.39840137,238,10.33518888,1747595381388,3.403567791,7.050230503,9.421226501,-0.119007349,-0.05385556072,-0.7917240858,-0.06794516789,0.02674523204,677848.1781,-4737896.249,237.2,-5.063068812,-143.6295777,8.717636672,-5.937817469,-4.967860557,-3.086017988,1.05477422,182.2438696,10.5477422,0.2125533166,25.12142224,-0.07065283883
68981500,-81.85772662,41.39839575,238,10.29403332,1747595381473,0.9456480742,7.528155327,9.373941422,-0.03344689682,0.1052188203,-1.149595141,-0.03979762075,0.03727978505,677849.0003,-4737896.879,237.2,-4.240933534,-144.2589419,8.22135278,-6.293641748,-5.309758621,-3.725804718,1.035377071,183.2792467,10.35377071,0.05973738908,20.89257728,-0.04228844954
68981600,-81.85771771,41.39838955,238.1,10.2220111,1747595381568,1.485489786,7.698434114,9.753461838,-0.115038218,-0.0416043438,-0.9277059138,-0.001775555146,0.03433255662,677849.7632,-4737897.554,237.3,-3.478018687,-144.933896,7.629148467,-6.749541583,-5.465151957,-4.228187912,1.018627596,184.2978743,10.18627596,-0.03573514399,18.40468447,-0.02487892809
68981700,-81.8577088,41.39838335,238.2,10.14998888,1747595381663,2.025331497,7.868712902,10.13298225,-0.1966295391,-0.1884275079,-0.7058166862,0.03624651046,0.03138532818,677850.4736,-4737898.276,237.4,-2.767651547,-145.6566641,7.103671406,-7.227680432,-5.496926837,-4.637866123,1.013417544,185.3112918,10.13417544,-0.01581343927,17.23605477,-0.01168629709
68981800,-81.85770102,41.3983763,238.2,10.21172221,1747595381746,2.409435749,7.578651905,7.935401917,-0.141715467,-0.06526371837,0.008455578238,0.06406764902,0.03612764795,677851.13,-4737899.049,237.4,-2.111222263,-146.4294699,6.564292832,-7.728058323,-5.483538852,-4.89755152,1.013966596,186.3252584,10.13966596,-0.07205625082,16.83622083,-0.003998339383
68981900,-81.85769368,41.39836887,238.2,10.40206666,1747595381889,-0.6818532944,5.897287846,8.983129501,0.2796642184,0.2025651038,-0.1631611586,0.1100596526,0.06891545866,677851.734,-4737899.869,237.4,-1.507201671,-147.2493483,6.040205918,-8.19878418,-5.374794419,-5.108188492,1.018352344,187.3436108,10.18352344,-0.218543222,16.97152239,0.001353015674
68982000,-81.85768727,41.398361,238.2,10.3609111,1747595381972,-1.702779531,8.075791359,9.953578949,0.1891421378,0.1134129614,-0.9153060317,0.1382891716,0.07229022607,677852.2753,-4737900.744,237.4,-0.9658768877,-148.1237123,5.413247838,-8.743640073,-5.686526343,-4.957517162,1.02837004,188.3719808,10.2837004,-0.07721070409,17.11725457,0.001457321751
68982100,-81.8576815,41.39835268,238.3,10.53067777,1747595382056,3.594584465,9.059922218,9.849654198,-0.1357220113,-0.2667075396,-2.140053511,0.1623689851,0.06229694841,677852.7597,-4737901.659,237.5,-0.4815482931,-149.0392185,4.843285945,-9.155061906,-5.982734381,-4.754828767,1.035724757,189.4077056,10.35724757,-0.1734301974,17.21732878,0.001000742094
68982200,-81.85767635,41.39834403,238.3,10.34033332,1747595382161,0.5309371948,8.309137344,9.529238701,-0.1258364767,-0.05863004178,-1.59618628,0.1965411164,0.07807390498,677853.1853,-4737902.615,237.5,-0.0558840693,-149.9954962,4.256642238,-9.562777197,-6.305445724,-4.427665367,1.046736408,190.454442,10.46736408,0.1270307595,17.48549409,0.002681653065
68982300,-81.85767198,41.39833513,238.3,10.79304444,1747595382268,3.221102953,7.581408501,8.306908607,0.1846861243,0.09847142547,-0.3581775725,0.2258093325,0.08436463616,677853.5601,-4737903.613,237.5,0.3189006299,-150.9932868,3.747846992,-9.977905508,-6.614523683,-4.053319487,1.065856254,191.5202982,10.65856254,-0.1344818959,18.02219091,0.005366968216
68982400,-81.85766817,41.39832587,238.3,11.0091111,1747595382376,2.949417114,9.147044182,10.29825783,-0.1055886671,-0.2138097286,-0.6056262255,0.2541093587,0.08136271925,677853.9032,-4737904.669,237.5,0.6619898868,-152.0492694,3.430892569,-10.55982646,-7.056540788,-3.68767342,1.110319587,192.6306178,11.10319587,0.09408477171,19.03809427,0.0101590336
68982500,-81.8576648,41.39831613,238.3,11.39494443,1747595382484,2.613663197,7.585630417,10.52810669,-0.09472525865,-0.1629763693,-0.5948737264,0.2797860616,0.08973582332,677854.1696,-4737905.758,237.5,0.9283428107,-153.1378693,2.663529239,-10.88599869,-7.270848534,-3.301428922,1.120711183,193.751329,11.20711183,-0.1878326078,19.41935903,0.003812647643
68982600,-81.85766093,41.3983052,238.5,11.06055555,1747595382595,2.952348232,8.046983719,9.375663757,0.1368486136,0.3300328851,-0.7311036587,0.3024767218,0.1020985053,677854.355,-4737906.874,237.7,1.113788949,-154.2542679,1.854461381,-11.1639864,-7.572487204,-2.765022012,1.131696158,194.8830251,11.31696158,0.2564060316,19.62711117,0.002077521388
68982700,-81.85766038,41.39829508,238.5,11.47725555,1747595382718,2.83615756,7.293798447,8.518173218,0.08526185155,0.06697874516,-0.1197668463,0.3306556723,0.106777649,677854.4504,-4737908.011,237.7,1.209153305,-155.391423,0.9536435595,-11.37155056,-7.808653814,-2.275215964,1.141146784,196.0241719,11.41146784,-0.06578770942,19.84867755,0.002215663777
68982800,-81.85766087,41.39828493,238.6,11.17373332,1747595382802,2.110386372,8.855881691,10.44270325,0.1649820507,-0.07395030558,-2.219600916,0.3473234789,0.09928218844,677854.4479,-4737909.164,237.8,1.206651033,-156.5437747,-0.02502271906,-11.52351718,-7.980279967,-1.801973456,1.152354435,197.1765264,11.52354435,0.349811028,20.24393496,0.00395257411
68982900,-81.85766245,41.39827473,238.6,11.89395555,1747595382886,6.91398716,9.805774689,11.08241749,-0.1732003242,-0.5554790497,-1.073023677,0.3604953395,0.09546006848,677854.3173,-4737910.307,237.8,1.076115858,-157.6872308,-1.305351751,-11.43456112,-8.060407923,-1.31123443,1.15088284,198.3274092,11.5088284,-0.385127146,20.48992416,0.002459892042
68983000,-81.85766495,41.39826432,238.6,11.68817777,1747595383010,1.656792641,7.609147072,11.0002079,-0.05180957168,-0.4010451734,-2.393204689,0.3881132576,0.1064656522,677854.1141,-4737911.46,237.8,0.8728757877,-158.8399532,-2.032400701,-11.52722367,-8.169006939,-0.8359805649,1.170502192,199.4979114,11.70502192,0.01684415323,21.11543672,0.00625512562
68983100,-81.85766876,41.39825378,238.6,11.92739443,1747595383083,2.95415616,9.067636967,11.19705486,0.1443168111,-0.06577204168,-2.22015357,0.4017023801,0.105032938,677853.833,-4737912.617,237.8,0.5917872634,-159.9967527,-2.810885243,-11.5679952,-8.287485608,-0.4294284554,1.190460368,200.6883718,11.90460368,-0.02279074988,21.72821055,0.006127738263
68983200,-81.85767257,41.39824325,238.6,12.1666111,1747595383155,4.25151968,10.52612686,11.39390182,0.3404431939,0.26950109,-2.047102451,0.4152915026,0.1036002238,677853.4802,-4737913.779,237.8,0.2389669495,-161.1594826,-3.528203139,-11.62729926,-8.325440956,0.01141393881,1.215081502,201.9034533,12.15081502,-0.0157960841,22.6213194,0.00893108852
68983300,-81.85767772,41.39823292,238.6,12.63475554,1747595383272,3.998117208,5.592400551,7.025999546,0.5658668876,0.337531209,-0.08141688257,0.4259232575,0.1085020057,677853.054,-4737914.943,237.8,-0.1872533347,-162.3233245,-4.262202842,-11.63841877,-8.309926163,0.4331119395,1.239431985,203.1428853,12.39431985,-0.2404356939,23.62780652,0.01006487117
68983400,-81.8576836,41.39822245,238.7,12.63989999,1747595383412,4.453235149,6.810990334,6.672434807,0.4700213075,0.3630432487,0.0257014744,0.4468507961,0.1136440953,677852.5709,-4737916.097,237.9,-0.6703307935,-163.4775295,-4.830774588,-11.54204968,-8.239477911,0.8044528781,1.25122058,204.3941058,12.5122058,-0.1276941875,24.22210971,0.005943031877
68983500,-81.8576905,41.39821198,238.7,13.12862221,1747595383496,-0.1285865307,6.135783195,9.46169281,-0.1188426837,-0.4497411549,-2.72146678,0.4584449391,0.09400409891,677852.0012,-4737917.238,237.9,-1.240014657,-164.6183911,-5.696838632,-11.4086156,-7.706376149,0.9767343569,1.275188144,205.669294,12.75188144,-0.3767407721,27.19157278,0.02969463069
68983600,-81.85769772,41.39820188,238.7,13.20578888,1747595383589,2.032795906,9.60472393,9.901227951,-0.0366107747,0.1209729239,0.397464931,0.4765662728,0.1043382614,677851.3673,-4737918.37,237.9,-1.873923494,-165.750357,-6.339088376,-11.31965952,-7.386973174,1.254570625,1.297377097,206.9666711,12.97377097,-0.2320179113,29.27431273,0.02082739953
68983700,-81.85770672,41.39819195,238.7,13.42957221,1747595383671,0.5764256716,8.942250252,9.543269157,0.005847616121,0.1797715463,0.1834156113,0.4903137195,0.1038444679,677850.6572,-4737919.488,237.9,-2.584012604,-166.8682382,-7.100891102,-11.17881241,-7.069924229,1.460845564,1.324343239,208.2910143,13.24343239,-0.1861398234,31.94418702,0.02669874293
68983800,-81.85771572,41.39818202,238.7,13.65335554,1747595383753,-0.8799445629,8.279776573,9.185310364,0.04830600694,0.2385701686,-0.03063370846,0.5040611661,0.1033506745,677849.8732,-4737920.586,237.9,-3.368057746,-167.9661044,-7.840451415,-10.97866126,-6.82439603,1.704718659,1.349087401,209.6401017,13.49087401,-0.1624815345,34.24674869,0.02302561665
68983900,-81.85772617,41.39817218,238.7,14.10606665,1747595383890,0.4020308256,6.67036581,9.690720558,-0.04021896422,-0.05935715511,-1.029806495,0.5115124033,0.08821892876,677849.0063,-4737921.666,237.9,-4.234955885,-169.0458086,-8.668981389,-10.79704263,-6.605616539,1.964113267,1.38465652,211.0247582,13.8465652,-0.2595014512,37.07975725,0.02833008559
68984000,-81.8577375,41.39816262,238.7,14.3890111,1747595383998,2.321536541,7.140450001,9.161032677,-0.1301588863,-0.06930132955,-0.1669692099,0.517353595,0.088820356,677848.0692,-4737922.721,237.9,-5.172056647,-170.1014206,-9.371007622,-10.55611995,-6.854007747,2.414782318,1.411550397,212.4363086,14.11550397,-0.2735071314,36.5956648,-0.004840924469
68984100,-81.85774968,41.39815333,238.7,14.65137777,1747595384111,0.823989749,8.829317093,9.388019562,0.01547658257,-0.01447273232,-0.919269383,0.5347511445,0.08739705664,677847.0619,-4737923.753,237.9,-6.179360033,-171.1329404,-10.07303386,-10.31519726,-6.776138389,2.727090639,1.441767338,213.878076,14.41767338,-0.2337043886,38.1051892,0.01509524404
68984200,-81.85776289,41.39814448,238.65,14.8288611,1747595384185,0.3062316328,8.160413265,8.947892666,-0.08330474887,-0.1564699905,-0.5684511364,0.5411625046,0.07889442924,677845.9881,-4737924.754,237.85,-7.253112634,-172.1344374,-10.73752602,-10.01497054,-6.759996462,3.046923416,1.468312296,215.3463883,14.68312296,-0.1457381348,39.08328055,0.009780913466
68984300,-81.8577761,41.39813563,238.6,15.00634443,1747595384258,-0.2115264833,7.491509438,8.50776577,-0.1820860803,-0.2984672487,-0.2176328897,0.5475738648,0.07039180183,677844.851,-4737925.723,237.8,-8.39025612,-173.1036879,-11.37143485,-9.692504797,-6.68878474,3.2762201,1.494169267,216.8405575,14.94169267,-0.06465175964,40.5679896,0.01484709047
68984400,-81.85779053,41.39812715,238.6,15.35616665,1747595384371,1.01289928,7.188310146,9.15796566,-0.03725780174,-0.1042961329,-0.4310264289,0.5583679397,0.0574295983,677843.6696,-4737926.657,237.8,-9.571606405,-174.0373559,-11.81350286,-9.336680537,-6.531641783,3.445272484,1.50576377,218.3463213,15.0576377,-0.2985289514,41.70959186,0.01141602264
68984500,-81.85780567,41.39811903,238.6,15.75228888,1747595384480,0.466483891,7.356483936,10.160285,0.1092007235,0.2817018032,-0.2135079503,0.5697474484,0.06855904563,677842.4249,-4737927.554,237.8,-10.81634758,-174.9341443,-12.4474117,-8.967883494,-6.369654433,3.706866294,1.534147947,219.8804693,15.34147947,-0.4108094055,43.50362925,0.01794037388
68984600,-81.8578205,41.39811135,238.5,16.24615554,1747595384590,0.960744679,8.499639511,10.64332008,-0.01694383286,0.08227551728,0.128426373,0.5842942956,0.07506162473,677841.1167,-4737928.414,237.7,-12.12447963,-175.7940529,-13.08132053,-8.599086478,-6.414503726,3.972949329,1.565455957,221.4459252,15.65455957,-0.5915959759,44.62533857,0.01121709324
68984700,-81.85783751,41.39810416,238.5,16.4725111,1747595384676,0.9420476854,7.448230743,9.955685139,-0.04273081105,-0.0001253336668,-0.09837915003,0.5849133009,0.06898397236,677839.7449,-4737929.227,237.7,-13.4962806,-176.6072597,-13.71800968,-8.132067127,-6.368568304,4.249295229,1.594723503,223.0406487,15.94723503,-0.5252760628,45.97869977,0.01353361195
68984800,-81.85785452,41.39809697,238.5,16.69886665,1747595384762,0.9233506918,6.396821976,9.268050194,-0.06851778924,-0.08252618462,-0.3251846731,0.5855323062,0.06290632,677838.3097,-4737929.995,237.7,-14.93147245,-177.375247,-14.35191851,-7.679873779,-6.450282276,4.477150027,1.627753133,224.6684018,16.27753133,-0.4213353186,47.37802799,0.01399328222
68984900,-81.85787277,41.39809058,238.5,16.98695554,1747595384914,0.8117693663,6.244983673,8.832315445,-0.1125759333,-0.2838225961,-0.2807849944,0.5860868073,0.03884469559,677836.7986,-4737930.718,237.7,-16.44256654,-178.0983857,-15.11094094,-7.231386947,-6.500793972,4.670544903,1.675211906,226.3436137,16.75211906,-0.234836476,50.09321468,0.02715186692
68985000,-81.8578917,41.3980845,238.5,17.47053332,1747595384998,0.4087697864,6.538072109,8.647837639,0.1253171861,-0.0002294653095,-0.2122680992,0.5962676525,0.04004300413,677835.2281,-4737931.399,237.7,-18.0131591,-178.7788996,-15.70592555,-6.805139119,-6.520017046,4.664547129,1.711683428,228.0552972,17.11683428,-0.3536990383,53.50861448,0.03415399799
68985100,-81.85791108,41.39807883,238.4,17.68659998,1747595385107,-0.8417972326,7.359392166,10.92141628,0.1166768819,0.094152987,-0.6951944828,0.6041096048,0.03788507541,677833.598,-4737932.037,237.6,-19.64325011,-179.4167888,-16.30091016,-6.37889131,-6.341710533,4.472291227,1.750456873,229.8057541,17.50456873,-0.1820312584,59.49271148,0.05984096993
68985200,-81.85793166,41.39807356,238.4,18.10844443,1747595385189,-0.4055343866,6.052192926,10.19722223,-0.07077958435,0.04873244837,-0.1159173548,0.5964050467,0.03274990635,677831.9134,-4737932.634,237.6,-21.32783505,-180.0146477,-16.84584933,-5.978589002,-6.016177076,4.109698568,1.787529486,231.5932835,17.87529486,-0.233149572,68.37947436,0.08886762884
68985300,-81.85795223,41.39806828,238.4,18.53028887,1747595385271,0.03072845936,4.744993687,9.473028183,-0.2582360506,0.003311909735,0.4633597732,0.5887004887,0.02761473728,677830.1751,-4737933.19,237.6,-23.06607981,-180.5698818,-17.38244761,-5.552341184,-5.495354452,3.677022832,1.824768416,233.418052,18.24768416,-0.2826047081,81.17462542,0.1279515107
68985400,-81.85797375,41.3980637,238.4,18.86467776,1747595385378,-2.570435762,1.657959104,9.798776627,0.01072549075,0.04948682338,-0.7555857897,0.5659927458,0.02054679772,677828.3692,-4737933.697,237.6,-24.87202492,-181.0769314,-18.05945112,-5.07049581,-4.747799524,3.202617113,1.87577638,235.2938283,18.7577638,-0.1069139659,101.871889,0.206972636
68985500,-81.8579959,41.39805953,238.4,19.34311109,1747595385496,-0.6759115458,-0.6570515633,9.116523743,0.1786562055,0.06035361812,0.02679136582,0.5354649188,0.005774520095,677826.5154,-4737934.164,237.6,-26.72579122,-181.5445067,-18.53766305,-4.675753266,-3.774430272,2.826829366,1.911825358,237.2056537,19.11825358,-0.2248575117,126.3122463,0.2444035726
68985600,-81.85801934,41.39805603,238.45,19.54631665,1747595385580,1.492839277,-2.118019342,9.375594616,0.1028156467,-0.01184639893,-0.1344950637,0.4958997907,0.001109967474,677824.6187,-4737934.597,237.65,-28.62251319,-181.9774262,-18.9672197,-4.329195265,-2.757370564,2.476789615,1.945500848,239.1511545,19.45500848,-0.09130817356,158.4859777,0.3217373142
68985700,-81.85804278,41.39805253,238.5,19.74952221,1747595385664,3.661590099,-3.578987122,9.634665489,0.02697508782,-0.08404641598,-0.2957814932,0.4563346626,-0.003554585148,677822.697,-4737935.016,237.7,-30.54425788,-182.3966317,-19.21744687,-4.192054663,-1.494846276,2.010435464,1.966935654,241.1180902,19.66935654,-0.08016567008,215.0843524,0.565983747
68985800,-81.85806593,41.39804882,238.4,19.87298887,1747595385767,4.825815678,-3.355624914,8.418087006,0.1244058013,0.3883463442,0.06015735865,0.4097402307,0.03005582682,677820.7742,-4737935.433,237.6,-32.46697567,-182.8128719,-19.22717793,-4.162402628,-0.1441548849,1.635229304,1.967256889,243.0853471,19.67256889,-0.2004199834,301.5697226,0.8648537015
68985900,-81.85808895,41.39804485,238.4,19.60547776,1747595385899,5.813785076,-4.639939785,9.023946762,0.06289958209,0.3290091455,0.4465093017,0.358839805,0.05398140142,677818.8721,-4737935.861,237.6,-34.36911923,-183.240973,-19.02143559,-4.281010721,1.155152277,1.196725427,1.949723223,245.0350703,19.49723223,-0.108245533,527.5364874,2.259667648
68986000,-81.85811116,41.39804082,238.4,19.19134998,1747595385983,7.187314272,-5.46927619,9.183272839,0.08685980365,0.2496924847,0.8331768215,0.3143532077,0.0734877285,677817.0032,-4737936.302,237.6,-36.23803818,-183.6824175,-18.68918951,-4.414444827,2.489960779,0.5850979376,1.920346655,246.955417,19.20346655,0.01211657016,-157961.3534,-1584.888899
68986100,-81.85813337,41.39803678,238.4,18.77722221,1747595386066,8.560843468,-6.298612595,9.342598915,0.1108200252,0.170375824,1.219844341,0.2698666104,0.09299405557,677815.1807,-4737936.748,237.6,-38.06052609,-184.1286804,-18.22487908,-4.462629361,3.880616173,-0.07845571663,1.876329604,248.8317466,18.76329604,-0.01392616169,-445.4987597,1575.158546
68986200,-81.85815482,41.39803268,238.4,17.8615111,1747595386176,12.1743679,-4.347629547,11.49290085,-0.1641986519,-0.2664605975,-0.6388394833,0.2357339718,0.1181406551,677813.4155,-4737937.193,237.6,-39.82573978,-184.5730901,-17.65213689,-4.444096843,5.118963923,-0.752702392,1.820296497,250.6520431,18.20296497,0.3414538726,-211.1064334,2.343923263
68986300,-81.85817518,41.39802875,238.4,17.34192221,1747595386295,7.885333061,-5.574405193,10.50721931,-0.04968826845,-0.8781870008,-2.295656204,0.1770101356,0.1407574722,677811.715,-4737937.632,237.6,-41.52617243,-185.0119401,-17.00432654,-4.388499316,6.248290027,-1.383958952,1.756149332,252.4081924,17.56149332,0.2195711086,-133.6816379,0.7742479549
68986400,-81.85819477,41.39802487,238.4,16.52909999,1747595386403,-3.193144798,-10.15982819,11.26081181,-0.2084892988,-0.6865183711,-2.186079264,0.1180140168,0.1640789119,677810.0794,-4737938.065,237.6,-43.16182405,-185.4452302,-16.3565162,-4.332901742,7.254733871,-1.929550341,1.692068733,254.1002611,16.92068733,0.3915873427,-96.43239287,0.3724924507
68986500,-81.85821309,41.39802108,238.45,15.75228888,1747595386499,0.5683851242,-9.303183556,9.874746799,-0.06152042747,0.02878755331,-0.1447445154,0.08130306113,0.1666847507,677808.5291,-4737938.513,237.65,-44.71212041,-185.8933464,-15.50296351,-4.481161889,7.684044663,-2.339840446,1.613761721,255.7140228,16.13761721,0.3853283387,-74.24673954,0.2218565334
68986600,-81.85823142,41.3980173,238.5,14.97547776,1747595386594,4.329915047,-8.446538925,8.488681793,0.08544844389,0.7440934777,1.896590233,0.04459210548,0.1692905896,677807.0722,-4737938.994,237.7,-46.16899861,-186.3744505,-14.56878206,-4.811040619,8.053073163,-2.853946568,1.534260482,257.2482833,15.34260482,0.3671270537,-55.94144709,0.1830529244
68986700,-81.85824775,41.39801253,238.5,14.39415554,1747595386701,-5.919565201,-9.114172935,9.038444519,-0.1845298707,-0.2223716676,-1.270965219,-0.01716633207,0.1559409862,677805.6957,-4737939.509,237.7,-47.54552609,-186.8896544,-13.76527481,-5.152038876,8.027456031,-3.167533182,1.469783301,258.7180666,14.69783301,0.3036774654,-46.33690967,0.09604537427
68986800,-81.85826252,41.39800712,238.5,13.85398888,1747595386783,-2.719352484,-8.185114384,9.430634975,-0.2109440863,-0.1111998702,0.1478822827,-0.05097281158,0.1411352121,677804.3977,-4737940.078,237.7,-48.84351004,-187.4578612,-12.97983951,-5.682068784,7.808144835,-3.720218912,1.41690557,260.1349722,14.1690557,0.3150668235,-37.95461595,0.08382293714
68986900,-81.85827728,41.3980017,238.5,13.31382221,1747595386865,0.4808602333,-7.256055832,9.822825432,-0.2373583019,-0.00002807285637,1.566729784,-0.08477929109,0.1263294379,677803.1927,-4737940.708,237.7,-50.0484929,-188.0883374,-12.04982852,-6.304761246,7.505592727,-4.400669329,1.359957285,261.4949295,13.59957285,0.2857506411,-30.88502008,0.07069595875
68987000,-81.8582909,41.39799553,238.5,13.00515554,1747595386980,-0.5423929691,-8.517035484,8.580271721,0.2373419702,0.3437435627,0.9178470969,-0.1166713053,0.1121668642,677802.0589,-4737941.389,237.7,-51.18230002,-188.7692219,-11.33807123,-6.808845624,7.330985403,-5.216421039,1.322543905,262.8174734,13.22543905,0.2202835009,-26.0782713,0.04806748774
68987100,-81.85830365,41.39798895,238.5,12.9074111,1747595387124,-3.549882889,-7.020892143,9.271737099,0.115282774,0.2704392076,1.360885978,-0.1626315739,0.09864941291,677800.9878,-4737942.121,237.7,-52.25341133,-189.5007003,-10.71111315,-7.31478326,6.944292574,-5.86361108,1.297050496,264.1145239,12.97050496,0.06309386193,-23.57881651,0.02499454795
68987200,-81.85831572,41.39798192,238.5,12.63989999,1747595387225,-8.096457481,-6.824603558,9.921721458,-0.221877709,-0.5173035264,-0.2470427454,-0.1869901566,0.05259314042,677799.9794,-4737942.903,237.7,-53.26182684,-190.2827723,-10.08415506,-7.820720887,6.508578638,-6.307918867,1.276142071,265.390666,12.76142071,0.1215207207,-22.24942165,0.01329394861
68987300,-81.85832673,41.39797423,238.5,12.66562221,1747595387308,-6.292486668,-6.841147661,10.00122404,0.00004661828279,-0.3255874366,-0.4462349564,-0.2029802966,0.02231801935,677799.0269,-4737943.744,237.7,-54.21435828,-191.1237778,-9.52531438,-8.410054827,6.054314205,-6.517768228,1.270671619,266.6613376,12.70671619,0.04109397456,-22.25054898,-0.0000112733646
68987400,-81.85833773,41.39796653,238.5,12.69134443,1747595387391,-4.488515854,-6.857691765,10.08072662,0.2219709456,-0.1338713467,-0.6454271674,-0.2189704367,-0.007957101731,677798.1116,-4737944.652,237.7,-55.12963367,-192.0322417,-9.152753921,-9.084638348,5.693320311,-6.537385204,1.289587369,267.9509249,12.89587369,0.2045292575,-23.58805834,-0.01337509356
68987500,-81.858348,41.39795772,238.5,13.15948888,1747595387474,-2.333066463,-4.716022491,9.250624657,-0.2093741894,-0.1770012677,-0.5615653396,-0.2394123214,-0.02966093313,677797.2559,-4737945.638,237.7,-55.98527159,-193.0179861,-8.55637916,-9.857444176,5.266004539,-6.326287785,1.305300081,269.256225,13.05300081,-0.1064880722,-25.75849027,-0.02170431927
68987600,-81.85835852,41.3979481,238.5,13.28295554,1747595387596,-6.664644241,-7.877760887,9.178542137,0.05082377046,0.373967886,0.7268328667,-0.2786758011,-0.0606438401,677796.4423,-4737946.686,237.7,-56.79892694,-194.0663704,-8.136553568,-10.48384313,5.137223575,-6.093537851,1.327081274,270.5833063,13.27081274,-0.01214280213,-27.78710031,-0.02028610048
68987700,-81.85836701,41.39793759,238.45,13.59676665,1747595387692,-6.37111187,-7.863672018,9.147814274,0.103243608,0.3084651828,0.5966249108,-0.3002150248,-0.08515842903,677795.6847,-4737947.821,237.65,-57.55655922,-195.2013016,-7.576322734,-11.34931155,5.291980687,-6.075762625,1.364578831,271.9478851,13.64578831,0.04902165947,-29.51970502,-0.01732604705
68987800,-81.8583755,41.39792708,238.4,13.91057777,1747595387788,-6.077579498,-7.849583149,9.117086411,0.1556634456,0.2429624796,0.466416955,-0.3217542486,-0.109673018,677794.988,-4737949.024,237.6,-58.25316386,-196.4046177,-6.96604646,-12.03316132,5.548279258,-5.984178436,1.390405605,273.3382907,13.90405605,-0.006521719143,-30.5948747,-0.01075169683
68987900,-81.85838315,41.3979155,238.4,14.6205111,1747595387896,-6.732285976,-8.211916924,9.361696243,0.06593459845,0.2962473631,1.571248293,-0.3408864025,-0.1354200504,677794.3566,-4737950.278,237.6,-58.88457043,-197.6585276,-6.314065661,-12.53909894,5.86493738,-5.885548393,1.403910351,274.7422011,14.03910351,-0.5814075848,-30.8778316,-0.00282956895
68988000,-81.85838976,41.39790361,238.4,14.54591665,1747595387984,-3.477702379,-7.505903244,8.675870895,-0.009169824421,0.3243500441,1.139885515,-0.3617071516,-0.1615915494,677793.7662,-4737951.563,237.6,-59.47496754,-198.9430161,-5.903971128,-12.84488542,6.443988195,-5.796381495,1.413675905,276.155877,14.13675905,-0.4091576008,-29.84792322,0.0102990838
68988100,-81.85839637,41.39789172,238.4,14.47132221,1747595388071,-0.223118782,-6.799889565,7.990045547,-0.08427424729,0.3524527252,0.708522737,-0.3825279008,-0.1877630483,677793.2363,-4737952.886,237.6,-60.00489309,-200.2666083,-5.299255459,-13.23592147,6.950777522,-5.544559816,1.425733936,277.5816109,14.25733936,-0.2139828526,-29.53141841,0.003165048071
68988200,-81.8584024,41.39787983,238.4,13.84884443,1747595388221,-2.838698626,-7.655758858,8.926446915,-0.03033538908,-0.2493987828,1.19773829,-0.41319519,-0.2171511255,677792.7762,-4737954.252,237.6,-60.46503305,-201.6324545,-4.601399675,-13.65846278,7.416148619,-5.169159808,1.441271954,279.0228829,14.41271954,0.5638751069,-29.63156631,-0.001001478983
68988300,-81.85840727,41.39786757,238.4,14.97033332,1747595388280,-9.14243412,-6.87520504,12.16020393,0.2358627468,0.01762512326,1.776617646,-0.4228219317,-0.226740475,677792.3983,-4737955.667,237.6,-60.84287609,-203.046856,-3.77843031,-14.14401465,7.906105259,-4.660615241,1.464000294,280.4868832,14.64000294,-0.3303303815,-30.04822481,-0.004166584979
68988400,-81.85841073,41.39785408,238.4,15.32015554,1747595388396,-1.984988213,-5.768755913,6.066710472,0.6226867437,1.007527471,2.111681461,-0.4329064727,-0.2455341891,677792.1028,-4737957.13,237.6,-61.13842218,-204.5098127,-2.955460938,-14.62956651,8.234488089,-4.173426418,1.492511191,281.9793944,14.92511191,-0.3950436278,-31.07875237,-0.01030527568
68988500,-81.85841241,41.39784001,238.45,15.6159611,1747595388481,-3.001399517,-5.557248116,6.832888603,0.2755687051,0.2963069677,0.5462253094,-0.4449912456,-0.2698154936,677791.9096,-4737958.649,237.65,-61.33165316,-206.0291082,-1.932309833,-15.19295494,8.34989925,-3.670909948,1.531534202,283.5109286,15.31534202,-0.3006190798,-33.36090786,-0.02282155486
68988600,-81.85841408,41.39782593,238.5,15.91176665,1747595388565,-4.017810822,-5.345740318,7.599066734,-0.07154933363,-0.4149135351,-1.019230843,-0.4570760185,-0.2940967981,677791.8167,-4737960.229,237.7,-61.42451525,-207.6091903,-0.9286208428,-15.8008214,8.526178935,-3.364199575,1.582808559,285.0937371,15.82808559,-0.08368105918,-35.87974769,-0.0251883983
68988700,-81.85841398,41.39781152,238.5,16.51366665,1747595388673,-5.685777664,-3.942444801,11.14908218,-0.3749599755,-0.7846537232,-0.2153534144,-0.4540227414,-0.3344283534,677791.8153,-4737961.841,237.7,-61.4259054,-209.2211484,-0.01390151214,-16.11958063,8.441056619,-2.98228678,1.611958663,286.7056958,16.11958663,-0.394080026,-38.43856405,-0.02558816358
68988800,-81.85841283,41.39779652,238.6,16.62169999,1747595388797,-1.205817342,-2.953904629,9.96326828,-0.1034390628,-0.1913367957,-0.05551881716,-0.4399473948,-0.3240814294,677791.8945,-4737963.473,237.8,-61.34666679,-210.8536775,0.7923860452,-16.32529154,8.310794152,-2.891490211,1.634451038,288.3401468,16.34451038,-0.277189603,-40.9334767,-0.02494912648
68988900,-81.85841082,41.3977816,238.6,16.74002221,1747595388904,-6.806992531,-2.476209402,10.36977863,0.07969661802,0.00520313764,-0.4658693373,-0.4196241126,-0.2970578602,677792.0544,-4737965.127,237.8,-61.18679943,-212.5067778,1.598673601,-16.53100245,7.950472842,-2.829089126,1.660812449,290.0009593,16.60812449,-0.1318977144,-45.19637147,-0.04262894775
68989000,-81.85840766,41.3977666,238.6,16.99724443,1747595388991,-4.351974964,-2.336521029,9.822114468,0.03953228472,-0.06982281315,0.002920940518,-0.4062491513,-0.3168547774,677792.2838,-4737966.795,237.8,-60.95742452,-214.1754453,2.293749084,-16.68667556,7.527978744,-2.77387932,1.684358709,291.685318,16.84358709,-0.1536573405,-50.22781379,-0.05031442319
68989100,-81.8584045,41.3977516,238.6,17.25446665,1747595389078,-1.896957397,-2.196832657,9.274450302,-0.0006320485845,-0.1448487639,0.4717112184,-0.3928741899,-0.3366516946,677792.5763,-4737968.477,237.8,-60.66493676,-215.856715,2.924877619,-16.81269667,6.659922858,-2.585997552,1.706521838,293.3918398,17.06521838,-0.1892482692,-59.72726802,-0.0949945423
68989200,-81.85840023,41.39773648,238.6,17.48596665,1747595389169,-5.904467583,0.05755615234,10.18248081,-0.1100911945,-0.3703583181,-1.099664688,-0.3715838406,-0.341839528,677792.9246,-4737970.173,237.8,-60.31656493,-217.5531813,3.483718308,-16.96466326,5.670825225,-2.48126068,1.731866313,295.1237061,17.31866313,-0.167303519,-74.5281499,-0.1480088188
68989300,-81.8583953,41.39772092,238.7,17.79977776,1747595389319,-2.100545168,2.880372524,9.124046326,-0.07728617638,0.01072901022,-0.7263358235,-0.3349711417,-0.3360045504,677793.3143,-4737971.892,237.9,-59.92690562,-219.272628,3.896593142,-17.19446646,4.427183181,-2.501846975,1.763045986,296.8867521,17.63045986,-0.1693178996,-103.8703466,-0.2934219672
68989400,-81.85838993,41.39770532,238.7,18.03127776,1747595389405,-0.4111118317,4.515484333,10.27071953,0.09272924066,-0.3520500064,1.035377502,-0.2921131571,-0.3347377657,677793.7453,-4737973.635,237.9,-59.49595882,-221.0150549,4.309467977,-17.42426962,3.181946027,-2.422361339,1.794928093,298.6816802,17.94928093,-0.08199683181,-161.8876965,-0.5801734984
68989500,-81.8583843,41.39768928,238.65,18.41968332,1747595389499,0.304677248,6.28978467,9.296069145,-0.02421826869,-0.2145391889,-0.008592069149,-0.2543809112,-0.3340816387,677794.2043,-4737975.414,237.85,-59.03693097,-222.7945469,4.59027847,-17.7949199,1.859143998,-2.571275744,1.83774272,300.5194229,18.3774272,-0.04225611342,-368.1426782,-2.062549817
68989600,-81.85837867,41.39767325,238.6,18.80808887,1747595389593,1.020466328,8.064085007,8.321418762,-0.141165778,-0.07702837139,-1.052561641,-0.2166486653,-0.3334255117,677794.6764,-4737977.225,237.8,-58.56483571,-224.6051735,4.720952661,-18.10626612,0.6765022662,-2.846955224,1.871160781,302.3905837,18.71160781,-0.09648106219,6950.894284,73.19036963
68989700,-81.85837272,41.39765647,238.6,19.46657776,1747595389678,1.332252264,8.233320236,11.27890873,-0.2678510547,-0.3228697181,0.4487967789,-0.1715155617,-0.3207825076,677795.1468,-4737979.075,237.8,-58.09440862,-226.4550891,4.704270847,-18.49915545,-0.4795998091,-3.330357585,1.908792593,304.2993763,19.08792593,-0.378651829,358.8214291,-65.92072855
68989800,-81.858367,41.3976395,238.6,19.47172221,1747595389777,1.486503243,5.977558613,9.781037331,0.4209167063,0.6044602394,0.3002101183,-0.1224445586,-0.2963821071,677795.596,-4737980.966,237.8,-57.64525085,-228.3465174,4.491577754,-18.91428373,-1.516400665,-3.655897332,1.944027777,306.2434041,19.44027777,-0.03144443809,206.5399843,-1.522814447
68989900,-81.85836173,41.39762213,238.6,20.17136665,1747595389894,1.743066549,9.436191559,10.97523403,-0.0693186447,-0.2614166141,-0.9903351068,-0.07072197311,-0.2925277209,677796.0238,-4737982.899,237.8,-57.21736238,-230.2794586,4.278884656,-19.32941206,-2.472973581,-4.094201287,1.979734892,308.223139,19.79734892,-0.3740177256,150.8360758,-0.5570390852
68990000,-81.85835738,41.39760423,238.65,20.44659443,1747595389976,3.60413301,9.571033955,9.850460529,-0.2358525805,-0.261052072,-1.032288909,-0.04765283244,-0.2889236784,677796.407,-4737984.869,237.85,-56.83423678,-232.2487236,3.831256046,-19.69264933,-3.269526904,-4.30678297,2.006187829,310.2293268,20.06187829,-0.3847161377,126.8910391,-0.2394503672
68990100,-81.85835302,41.39758633,238.7,20.7218222,1747595390057,5.465199471,9.70587635,8.725687027,-0.4023865163,-0.26068753,-1.074242711,-0.02458369177,-0.2853196359,677796.7392,-4737986.877,237.9,-56.5019907,-234.2572774,3.322460795,-20.08553863,-3.916985508,-4.451468653,2.035847754,312.2651746,20.35847754,-0.3633446675,114.8916304,-0.1199940874
68990200,-81.85834975,41.39756792,238.7,20.63436665,1747595390164,-7.073832035,6.473039627,9.338920593,0.0594760552,-0.08847698569,-2.244865656,0.005430187745,-0.2638936224,677797.0136,-4737988.924,237.9,-56.2275749,-236.3045643,2.744157995,-20.47286817,-4.3151531,-4.396422433,2.065596123,314.3307707,20.65596123,0.02159457685,111.8333616,-0.03058268767
68990300,-81.85834708,41.39754918,238.7,21.2774222,1747595390284,-2.782217979,4.355937004,9.516869545,0.4813093543,0.296200037,0.6299170852,0.0428145591,-0.2601420387,677797.2454,-4737990.999,237.9,-55.99583673,-238.3787232,2.317381649,-20.74158962,-4.460348661,-4.096848781,2.08706444,316.4178351,20.8706444,-0.406777805,113.6405431,0.01807181531
68990400,-81.85834528,41.39753008,238.7,21.63238887,1747595390376,-1.233898401,3.91843605,9.72072506,0.1259765625,0.01580402255,0.1509682983,0.05683004414,-0.2596743074,677797.4311,-4737993.129,237.9,-55.81011256,-240.5088504,1.857241682,-21.30127153,-4.427510381,-3.603219925,2.138208399,318.5560435,21.38208399,-0.2503048835,123.6565207,0.1001597759
68990500,-81.85834348,41.39751097,238.7,21.98735554,1747595390467,0.3144211769,3.480935097,9.924580574,-0.2293562293,-0.2645919919,-0.3279804885,0.07084552918,-0.2592065762,677797.574,-4737995.296,237.9,-55.66720505,-242.6764132,1.429075185,-21.67562832,-4.061931125,-3.060609242,2.172268674,320.7283122,21.72268674,-0.2646688011,141.884061,0.1822754029
68990600,-81.85834188,41.39749055,238.6,21.91018887,1747595390585,4.628993034,-1.740987659,10.43916512,-0.2965717614,-0.06126986444,-0.3877656162,0.05616941762,-0.2477096281,677797.6799,-4737997.503,237.8,-55.56127554,-244.8828943,1.05929503,-22.06481111,-3.463270953,-2.424808908,2.209022398,322.9373346,22.09022398,0.1800351077,174.8202368,0.3293617576
68990700,-81.85834118,41.39747045,238.6,22.81046665,1747595390694,1.382216454,-2.109415293,9.11649704,-0.01497124694,-0.1506435573,-0.4876755476,0.03503052528,-0.2312924589,677797.7636,-4737999.736,237.8,-55.47758846,-247.1166182,0.8368708775,-22.33723907,-2.716125026,-1.671185646,2.235291037,325.1726256,22.35291037,-0.4575562761,230.7130201,0.5589278327
68990800,-81.85834073,41.39744997,238.6,22.79503331,1747595390781,2.514288425,-4.136189938,8.233076096,-0.03837848455,0.2701388597,1.298096538,0.01525565495,-0.2029153854,677797.827,-4738001.995,237.8,-55.41419757,-249.3749904,0.6339088397,-22.5837215,-1.770840554,-0.8391430359,2.259261643,327.4318873,22.59261643,-0.2024168788,365.1770058,1.344639858
68990900,-81.85834027,41.39742963,238.6,22.45035554,1747595390892,-0.6021596193,-4.060928345,8.271203995,-0.1481540948,0.7635533214,-0.8913143277,-0.012614579,-0.1714881949,677797.8782,-4738004.236,237.8,-55.36304002,-251.6164979,0.5115755519,-22.41507563,-0.8146493656,-0.04529226367,2.242091267,329.6739785,22.42091267,-0.02944286611,790.5884602,4.254114544
68991000,-81.85833968,41.39740942,238.7,22.54295554,1747595391011,2.056740046,-6.301475525,10.92213726,-0.118411921,-0.02354520187,-0.1935821325,-0.03965092759,-0.1502249909,677797.9321,-4738006.468,237.9,-55.30910216,-253.8481833,0.5393785739,-22.31685331,0.2166299665,0.8493210667,2.232337051,331.9063156,22.32337051,-0.2195850256,-2694.701226,-34.85289686
68991100,-81.85833882,41.39738976,238.7,22.16483887,1747595391084,2.06856668,-5.633004427,10.77224827,0.09186908975,0.1318599749,-0.223676078,-0.054986302,-0.1309984142,677798.0016,-4738008.667,237.9,-55.23959461,-256.0468807,0.6950754812,-21.98697455,1.111411834,1.771312117,2.199795854,334.1061114,21.99795854,-0.1668803307,-531.067141,21.63634085
68991200,-81.85833795,41.3973701,238.7,21.7867222,1747595391157,2.080393314,-4.964533329,10.62235928,0.3021501005,0.2872651517,-0.2537700236,-0.0703216764,-0.1117718375,677798.0934,-4738010.822,237.9,-55.14784465,-258.2018414,0.9174996335,-21.54960723,2.00100847,2.857357421,2.156913019,336.2630245,21.56913019,-0.2175920123,-280.468399,2.50598742
68991300,-81.85833657,41.3973511,238.7,20.56234443,1747595391280,1.698451161,-7.72428894,11.65351582,0.4265991747,0.1445707679,-0.8756144047,-0.1091159871,-0.106400154,677798.2146,-4738012.934,237.9,-55.02662348,-260.3141774,1.212211634,-21.1233594,2.651493691,3.768909931,2.115811356,338.3788358,21.15811356,0.5957691315,-199.5997539,0.808686451
68991400,-81.85833477,41.39733273,238.7,20.85557776,1747595391368,4.013020039,-7.477695465,10.06129551,-0.1232477501,-0.2568548024,0.7431489825,-0.1480113031,-0.09542352168,677798.3756,-4738015.01,237.9,-54.865644,-262.3900043,1.609794813,-20.75826889,3.229403844,4.877886097,2.082059477,340.4608953,20.82059477,-0.03498298897,-153.6524485,0.4594730541
68991500,-81.85833242,41.39731443,238.7,19.62605554,1747595391512,4.403170586,-7.514741898,8.874317169,0.01282325294,0.2821158171,1.206002474,-0.1913231288,-0.05925087946,677798.5799,-4738017.029,237.9,-54.66129181,-264.4089363,2.043521912,-20.1893207,3.730917051,5.714424044,2.029247772,342.4901431,20.29247772,0.6664221808,-122.1973105,0.3145513807
68991600,-81.85832917,41.39729642,238.6,19.97587776,1747595391623,-1.108016968,-8.912664413,11.58437443,0.5026004314,0.5827614665,-0.1940245926,-0.2212124179,-0.03581107818,677798.8299,-4738018.993,237.8,-54.41134267,-266.3733828,2.499491426,-19.64446479,4.155483422,6.260118424,1.980283956,344.470427,19.80283956,-0.1730382053,-101.3677714,0.2082953903
68991700,-81.8583257,41.39727932,238.6,18.51485554,1747595391691,0.3624882698,-9.379078865,9.919364929,-0.01222131588,-0.4496718347,-1.242345452,-0.2516593123,-0.03702609511,677799.1321,-4738020.893,237.8,-54.10912385,-268.2733361,3.022188188,-18.9995333,4.373499445,6.507311508,1.923839617,346.3942666,19.23839617,0.7235406264,-87.78347269,0.1358429875
68991800,-81.85832158,41.39726277,238.6,18.93155554,1747595391810,4.236422539,-8.477005005,8.395178795,0.2429243922,0.669855237,1.615812302,-0.2795740612,-0.01367992346,677799.4774,-4738022.73,237.8,-53.76381035,-270.1102789,3.453134988,-18.36942783,4.561085752,6.711805291,1.869117492,348.2633841,18.69117492,-0.2403806188,-77.16387695,0.1061959573
68991900,-81.85831665,41.3972473,238.65,18.27049443,1747595391890,5.345799685,-7.370379448,8.508939266,0.2135144845,0.7249425352,1.498919249,-0.2965485523,0.002875235868,677799.865,-4738024.487,237.85,-53.37623626,-271.8671613,3.875740878,-17.56882323,4.712957134,6.626812596,1.799124557,350.0625087,17.99124557,-0.2792488624,-67.64243338,0.09521443573
68992000,-81.85831172,41.39723183,238.7,17.60943332,1747595391969,6.45517683,-6.263753891,8.622699738,0.1841045767,0.7800298333,1.382026196,-0.3135230434,0.01943039519,677800.2979,-4738026.166,237.9,-52.94334325,-273.546207,4.32893009,-16.79045765,4.74973092,6.789540065,1.733952432,351.7964611,17.33952432,-0.2699089955,-60.01284219,0.07629591189
68992100,-81.85830593,41.39721742,238.7,15.89633332,1747595392085,4.416480541,-8.716902733,7.394318104,0.3981947303,0.7802496552,1.792499423,-0.3478534159,0.04065798413,677800.7771,-4738027.756,237.9,-52.46415822,-275.136482,4.79185036,-15.90275022,4.666358218,7.033940242,1.660901245,353.4573624,16.60901245,0.7126791285,-53.15976895,0.06853073245
68992200,-81.85829975,41.39720382,238.7,16.10725554,1747595392195,2.738837719,-9.50211525,9.897480965,-0.258490026,-0.5791825652,-1.20589292,-0.3807511113,0.03184413079,677801.2889,-4738029.282,237.9,-51.95230463,-276.6620786,5.118535836,-15.25596549,4.595805446,7.298920668,1.609173366,355.0665357,16.09173366,-0.01552188492,-48.42129579,0.04738473162
68992300,-81.85829286,41.39719126,238.7,15.4539111,1747595392285,0.5243543386,-9.612873554,9.097977161,-0.2503188998,-0.3773023859,-0.06447535753,-0.405709882,0.04082386636,677801.8433,-4738030.723,237.9,-51.39791243,-278.1035375,5.543922025,-14.41458937,4.588243459,7.670794726,1.544394568,356.6109303,15.44394568,-0.009965421072,-42.19782206,0.06223473721
68992400,-81.85828597,41.3971787,238.7,14.80056665,1747595392375,-1.690129042,-9.723631859,8.298473358,-0.2421477735,-0.1754222065,1.076942205,-0.4306686527,0.04980360194,677802.4519,-4738032.104,237.9,-50.78930434,-279.4845805,6.086080903,-13.81042939,4.415776575,8.006015736,1.509199591,358.1201299,15.09199591,0.2914292581,-38.9311646,0.03266657464
68992500,-81.85827848,41.39716702,238.7,14.07519999,1747595392488,-1.342535973,-10.39627266,9.555522919,-0.2130050957,0.2678564787,1.24343586,-0.4655651378,0.05317705052,677803.1081,-4738033.443,237.9,-50.13315309,-280.8233693,6.561512529,-13.38788808,4.413304391,8.012534521,1.490935928,359.6110658,14.90935928,0.8341592874,-36.84336259,0.02087802012
68992600,-81.85826945,41.39715532,238.6,13.61991665,1747595392574,-1.236158967,-10.0630846,8.795728683,-0.109309647,0.1629628502,1.63024509,-0.4793997571,0.04276007205,677803.8041,-4738034.712,237.8,-49.4371045,-282.0926612,6.960485856,-12.69291881,4.470410099,8.088827427,1.44761373,361.0586796,14.4761373,0.8562206458,-33.23227008,0.03611092513
68992700,-81.85826042,41.39714362,238.5,13.16463332,1747595392659,-1.129781961,-9.729896545,8.035934448,-0.005614198279,0.05806922168,2.017054319,-0.4932343763,0.03234309358,677804.5523,-4738035.894,237.7,-48.68892526,-283.2742942,7.481792467,-11.8163309,4.646966997,8.204396635,1.398581047,362.4572606,13.98581047,0.8211771435,-29.05104543,0.04181224641
68992800,-81.85825113,41.39713418,238.5,12.94856666,1747595392768,3.005914927,-7.701435089,8.131202698,-0.4298297763,-0.1018134803,0.4763573408,-0.5295505638,0.02188625534,677805.3536,-4738036.992,237.7,-47.88764224,-284.3717897,8.012830135,-10.97495477,4.791562695,8.158583341,1.358878504,363.8161391,13.58878504,0.6402183866,-26.20955424,0.0284149119
68992900,-81.85824112,41.39712557,238.5,12.53186666,1747595392886,-0.5944327116,-8.473942757,11.07416916,-0.2381768376,-0.118806906,1.145505309,-0.5465558472,0.01851003461,677806.1945,-4738037.98,237.7,-47.04673993,-285.3606847,8.409023158,-9.888949441,5.070565404,8.055894193,1.298087021,365.1142261,12.98087021,0.4490035582,-22.77812873,0.03431425511
68993000,-81.85823045,41.39711767,238.6,12.52672221,1747595392998,0.1767292023,-9.340628624,6.755865097,0.6124815345,0.7817081809,1.954860806,-0.5581733712,0.007125568194,677807.075,-4738038.861,237.8,-46.16621831,-286.2409791,8.805216179,-8.802944124,5.165026594,8.105815054,1.245084966,366.3593111,12.45084966,-0.07587255313,-20.21240603,0.02565722701
68993100,-81.85821904,41.39711085,238.6,12.40068332,1747595393090,-5.162322998,-8.666240692,8.454024792,0.2877911218,0.05580446124,0.3680638671,-0.5608447061,-0.02306231085,677808.0092,-4738039.661,237.8,-45.23203686,-287.041213,9.341814453,-8.002339527,5.278106443,8.150543894,1.23006884,367.5893799,12.3006884,-0.0999949201,-19.21814011,0.009942659256
68993200,-81.85820763,41.39710403,238.6,12.27464443,1747595393182,-10.5013752,-7.99185276,10.15218449,-0.03689929098,-0.6700992584,-1.218733072,-0.5635160411,-0.0532501899,677808.9985,-4738040.376,237.8,-44.24266643,-287.7561974,9.893704382,-7.14984389,5.370722581,8.189874754,1.220678721,368.8100587,12.20678721,-0.06785722165,-18.60484138,0.006132987284
68993300,-81.85819513,41.3970982,238.6,12.09973332,1747595393281,-4.235840321,-6.130802631,10.10187054,0.4430679381,0.8001340628,1.825609922,-0.5595322323,-0.07335521665,677810.0323,-4738041.022,237.8,-43.20895017,-288.4018702,10.33716254,-6.45672786,5.327082114,8.038627873,1.21879557,370.0288542,12.1879557,0.08822237238,-18.8216772,-0.002168358209
68993400,-81.85818181,41.39709342,238.65,12.41611666,1747595393371,-4.103341222,-5.120615005,9.20811367,0.3065609708,0.4509545378,0.5825797021,-0.5581680271,-0.1002575851,677811.1373,-4738041.612,237.85,-42.10391917,-288.9923161,11.05030998,-5.904458938,4.894394783,7.808058913,1.252884616,371.2817388,12.52884616,0.1127295024,-20.90201695,-0.02080339754
68993500,-81.85816848,41.39708863,238.7,12.73249999,1747595393460,-3.970842123,-4.11042738,8.314356804,0.1700540036,0.1017750129,-0.6604505181,-0.5568038219,-0.1271599536,677812.3042,-4738042.127,237.9,-40.93702646,-289.50752,11.66892716,-5.152038876,5.131370305,7.499385644,1.275567974,372.5573068,12.75567974,0.02317974913,-22.3287782,-0.01426761247
68993600,-81.8581528,41.3970843,238.6,13.00515554,1747595393569,-4.974439621,-3.752356052,9.679040909,0.1427277476,-0.01502432488,0.46942693,-0.5437293138,-0.1525023854,677813.5317,-4738042.57,237.8,-39.70952316,-289.9497058,12.27503298,-4.421857838,5.359661359,6.86957701,1.304719362,373.8620262,13.04719362,0.04203807683,-25.25065554,-0.02921877341
68993700,-81.85813768,41.39708087,238.6,13.42185554,1747595393714,-3.891124964,-3.451569557,9.616218567,0.1058181152,0.07378779352,0.462241441,-0.5242503243,-0.1767215455,677814.806,-4738042.962,237.8,-38.43517178,-290.3422244,12.74351385,-3.925186461,5.372994811,6.216667885,1.333432541,375.1954587,13.33432541,-0.08753013637,-29.07750088,-0.03826845339
68993800,-81.85812155,41.39707832,238.6,13.77424999,1747595393793,-5.636981368,-2.306040823,10.24631596,-0.02263288572,-0.161767371,-0.03401772678,-0.5093630545,-0.1917131292,677816.1406,-4738043.288,237.8,-37.10062685,-290.668026,13.34544922,-3.258015951,5.440975421,5.59119707,1.373738267,376.569197,13.73738267,-0.03686731431,-34.62074957,-0.0554324869
68993900,-81.85810542,41.39707577,238.6,14.12664443,1747595393871,-7.382837772,-1.16051209,10.87641335,-0.1510838866,-0.3973225355,-0.5302768946,-0.4944757847,-0.206704713,677817.5052,-4738043.551,237.8,-35.73605467,-290.9308171,13.64572182,-2.627910478,5.876525757,5.005572032,1.389646133,377.9588431,13.89646133,-0.2301830991,-39.55236866,-0.04931619094
68994000,-81.85808848,41.39707398,238.7,14.4816111,1747595393982,-4.949819565,0.3913277984,10.85394859,0.2240740508,0.1671185642,1.158746004,-0.4651151968,-0.2117810258,677818.9167,-4738043.765,237.9,-34.32449539,-291.1450529,14.11559285,-2.142358618,5.538190552,4.377696051,1.42772428,379.3865674,14.2772428,-0.2043683013,-48.87438745,-0.09322018785
68994100,-81.858071,41.39707248,238.7,14.93946665,1747595394094,-5.705118179,0.7672846913,10.42998028,0.09862115234,-0.04482764378,0.5335862637,-0.4338515858,-0.2236445448,677820.3718,-4738043.944,237.9,-32.86942438,-291.324633,14.5507101,-1.795800598,5.071124367,3.830141753,1.466110719,380.8526781,14.66110719,-0.2783594588,-60.25095967,-0.1137657222
68994200,-81.85805307,41.39707123,238.7,15.19154443,1747595394206,-3.137660742,1.065242767,10.63352585,-0.119392693,-0.2274296582,0.1165534407,-0.4052977637,-0.2297106095,677821.8704,-4738044.089,237.9,-31.37084164,-291.4695572,14.98582735,-1.449242588,4.773871105,3.198957875,1.505574061,382.3582522,15.05574061,-0.1358038163,-77.28341608,-0.1703245641
68994300,-81.85803433,41.39707024,238.7,15.70598888,1747595394289,-3.296518207,1.168680668,10.15658951,-0.1192864589,-0.2685685903,-0.1514766142,-0.3861573768,-0.2347801188,677823.4104,-4738044.213,237.9,-29.83083241,-291.5933544,15.40009234,-1.237971932,4.47632699,2.659521775,1.544977082,383.9032293,15.44977082,-0.2562180539,-98.72824794,-0.2144483186
68994400,-81.85801558,41.39706925,238.7,16.22043332,1747595394371,-3.455375671,1.272118568,9.679653168,-0.1191802248,-0.3097075224,-0.419506669,-0.36701699,-0.2398496281,677825.0627,-4738044.3,237.9,-28.17849898,-291.6797159,16.52333431,-0.8636151534,3.505425383,1.838832498,1.654588795,385.5578181,16.54588795,0.3254546264,-169.6977932,-0.7096954524
68994500,-81.85799617,41.39706842,238.7,16.30274443,1747595394489,-3.365182877,0.9471758604,10.38487339,-0.2281450331,-0.3040208519,0.1145759299,-0.3457110296,-0.2488313358,677826.7573,-4738044.377,237.9,-26.48390496,-291.7575525,16.9459402,-0.7783655915,3.713561751,1.357520285,1.696380684,387.2541987,16.96380684,0.6610624072,-236.4375616,-0.6673976838
68994600,-81.85797195,41.3970686,238.6,16.88406665,1747595394609,-4.60284853,-0.8309360743,9.286877632,0.04085860029,0.05544625968,-0.3378581703,-0.3278961607,-0.2556227142,677828.4807,-4738044.452,237.8,-24.76053481,-291.8326092,17.23370145,-0.7505668048,3.91051419,1.111696391,1.725003815,388.9792026,17.25003815,0.3659714992,-291.7722811,-0.5533471955
68994700,-81.85795148,41.39706773,238.6,17.34192221,1747595394688,-3.988535404,-0.7448230684,9.914442539,0.0261306325,0.02231940487,0.03710176051,-0.316279352,-0.2587027081,677830.2434,-4738044.523,237.8,-22.99782339,-291.9030327,17.62711417,-0.7042355184,4.050492715,0.9844708895,1.764117631,390.7433202,17.64117631,0.2992541063,-341.8432595,-0.5007097838
68994800,-81.85793102,41.39706687,238.6,17.79977776,1747595394767,-3.374222279,-0.6587100625,10.54200745,0.01140266471,-0.01080744993,0.4120616913,-0.3046625433,-0.2617827019,677832.0417,-4738044.589,237.8,-21.19952411,-291.9690085,17.98299282,-0.659757508,4.174138441,0.862516154,1.799509129,392.5428293,17.99509129,0.1953135294,-402.0367236,-0.6019346408
68994900,-81.85790992,41.39706608,238.6,17.55284443,1747595394899,-3.946467876,-0.05077050626,10.44972992,-0.008861020207,0.01423348859,0.5229257941,-0.2830748633,-0.2627306917,677833.8038,-4738044.672,237.8,-19.43736876,-292.0520341,17.62155357,-0.830256613,5.004216256,1.305236658,1.76411019,394.3069395,17.6411019,0.08825747055,-254.3595655,1.47677158
68995000,-81.85788837,41.39706545,238.6,18.51999998,1747595394984,-3.928002357,-0.1014370173,10.67004013,0.02165998146,0.01962148957,0.1911269873,-0.2669089435,-0.2694645772,677835.6008,-4738044.743,237.8,-17.64045962,-292.123199,17.96909131,-0.7116485387,4.681041375,1.517048928,1.798317787,396.1052573,17.98317787,-0.5368221172,-239.5473962,0.1481216938
68995100,-81.85786632,41.39706487,238.6,18.38109998,1747595395087,-5.846400738,-1.11913681,9.464308739,-0.0002607322531,-0.008483023383,-0.6066172719,-0.2601022142,-0.2799606227,677837.4452,-4738044.796,237.8,-15.79600733,-292.1765726,18.44452294,-0.5337364133,4.472250609,1.779690817,1.84522438,397.9504817,18.4522438,0.07114381187,-225.2858922,0.1426150392
68995200,-81.85784377,41.39706453,238.6,19.35339998,1747595395193,-3.722312212,-2.366758585,8.639369011,-0.09758590907,0.1765884608,1.576448441,-0.2634836601,-0.2891308712,677839.3266,-4738044.834,237.8,-13.91457702,-292.2140083,18.81430309,-0.3743567783,4.244718481,2.018826292,1.88180271,399.8322844,18.8180271,-0.5353728841,-212.9618712,0.1232402107
68995300,-81.85782045,41.39706447,238.6,19.73666109,1747595395277,-4.039168954,-2.69677937,9.127289295,-0.02338322066,0.1165368818,0.4456766248,-0.2664560305,-0.2927477371,677841.2478,-4738044.849,237.8,-11.99338839,-292.229205,19.21188627,-0.151966624,3.888382662,2.373209891,1.921248729,401.7535331,19.21248729,-0.5241738029,-194.5086577,0.184532135
68995400,-81.85779713,41.3970644,238.6,20.1199222,1747595395361,-4.356025696,-3.026800156,9.615209579,0.05081946775,0.05648530275,-0.685095191,-0.2694284009,-0.296364603,677843.3155,-4738044.792,237.8,-9.925677855,-292.1724955,20.67710538,0.5670949351,3.328686708,2.597599309,2.068488056,403.8220212,20.68488056,0.5649583515,-217.6143141,-0.2310565644
68995500,-81.8577732,41.39706477,238.6,19.91414443,1747595395470,-7.555880547,-5.552630424,9.899734497,-0.1232421771,-0.205934301,0.8954951167,-0.2790672155,-0.3052944812,677845.4191,-4738044.701,237.8,-7.822101423,-292.0816862,21.03576433,0.9080931824,3.225245663,3.081698375,2.105535595,405.9275568,21.05535595,1.141211518,-192.4361984,0.2517811574
68995600,-81.85774237,41.39706742,238.5,20.84014443,1747595395578,-7.347746849,-3.633146524,10.15779877,-0.1193360165,-0.2972483039,-0.8329916,-0.2856991641,-0.3261877504,677847.5527,-4738044.571,237.7,-5.688497729,-291.9515879,21.33603694,1.300982479,2.781306249,3.586480672,2.137566438,408.0651232,21.37566438,0.5355199499,-171.1622192,0.2127397917
68995700,-81.85771767,41.39706862,238.4,20.59321109,1747595395689,-2.272185802,-5.093187332,10.25239754,-0.0589652285,-0.03729882464,0.7859199643,-0.2939206686,-0.3302705673,677849.7244,-4738044.394,237.6,-3.516803899,-291.7744171,21.7169383,1.771708326,2.08189535,4.030158405,2.178908808,410.244032,21.78908808,1.195876989,-157.8901782,0.1327204102
68995800,-81.85769255,41.39707032,238.4,21.59123331,1747595395800,2.298182487,-6.572547436,10.96195602,0.1407300383,0.04371548444,0.3781463206,-0.3120620143,-0.3194959417,677851.9203,-4738044.171,237.6,-1.320921443,-291.5512856,21.95882456,2.231314685,1.335826462,4.353074878,2.207189936,412.4512219,22.07189936,0.4806660485,-148.7232703,0.09166907881
68995900,-81.85766695,41.39707237,238.4,21.47805554,1747595395912,0.6746737957,-6.294241905,9.663726807,0.08092371374,-0.3160245419,-0.7603988647,-0.3218376532,-0.294296752,677854.0253,-4738043.953,237.6,0.7840451408,-291.3329726,21.04966584,2.183130141,0.5637132542,4.565977658,2.116257284,414.5674792,21.16257284,-0.3154827008,-127.5171716,0.2120609866
68996000,-81.85764157,41.3970748,238.4,21.41889443,1747595395980,1.040889502,-5.143660069,10.73776817,0.07026206329,-0.4360286891,0.1309881806,-0.3255121298,-0.282289097,677856.133,-4738043.698,237.6,2.891792027,-291.0779652,21.07746886,2.550073927,-0.8999580119,4.369638439,2.123116979,416.6905962,21.23116979,-0.1877246379,-129.457333,-0.01940161374
68996100,-81.85761618,41.39707723,238.4,21.35973331,1747595396048,1.407105207,-3.993078232,11.81180954,0.05960041285,-0.5560328364,1.022375226,-0.3291866063,-0.270281442,677858.2271,-4738043.408,237.6,4.985915433,-290.787746,20.94123406,2.902191691,-2.090807039,3.845590555,2.114138124,418.8047343,21.14138124,-0.2183520755,-139.2823823,-0.09825049305
68996200,-81.85759132,41.39708008,238.4,20.69609998,1747595396199,6.535401821,-3.779040337,9.49578476,0.1658143401,0.3171157837,0.3758596182,-0.3302534958,-0.2069597753,677860.2859,-4738043.078,237.6,7.044729005,-290.4586086,20.58813572,3.291374482,-3.11326557,3.183872558,2.084956782,420.8896911,20.84956782,0.1534678402,-152.4640175,-0.1318163515
68996300,-81.85756702,41.39708337,238.4,20.6292222,1747595396273,3.562159538,-2.456601143,9.167773247,0.123686105,0.06297194213,-1.213901281,-0.3234959005,-0.1841643538,677862.3022,-4738042.716,237.6,9.061003958,-290.095742,20.16274953,3.628666224,-4.027247792,2.268806223,2.048667096,422.9383582,20.48667096,-0.1425512439,-181.3804614,-0.2891644388
68996400,-81.85754353,41.39708717,238.4,19.56946665,1747595396385,4.583343983,1.715017796,8.198707581,0.01607486978,-0.3627570868,-0.8528816104,-0.3059944037,-0.1750319331,677864.2793,-4738042.305,237.6,11.03807665,-289.6854321,19.77072696,4.103098586,-4.840133903,1.081525765,2.019200491,424.9575587,20.19200491,0.6225382627,-253.8703279,-0.7248986659
68996500,-81.8575207,41.39709112,238.4,19.61062221,1747595396491,7.77517271,5.140202999,8.750711441,0.142106995,0.2059908658,0.7910481095,-0.2597517224,-0.1344479593,677866.2258,-4738041.857,237.6,12.98456603,-289.2369453,19.46489374,4.484868376,-4.184131711,0.330604537,1.997488755,426.9550474,19.97488755,0.3642653479,-401.8678572,-1.479975293
68996600,-81.85749767,41.39709568,238.4,19.07045554,1747595396585,6.111025333,5.991514206,8.524944305,0.0148101449,0.06402881444,0.1291441023,-0.2197658469,-0.1065344952,677868.1225,-4738041.405,237.6,14.881288,-288.7854932,18.9672197,4.514520401,-3.919866697,-0.6142083475,1.949708485,428.9047559,19.49708485,0.4266293091,-1554.544036,-11.52676178
68996700,-81.85747463,41.39710025,238.4,18.53028887,1747595396678,4.446877956,6.842825413,8.29917717,-0.1124867052,-0.07793323696,-0.5327599049,-0.1797799715,-0.078621031,677869.977,-4738040.973,237.6,16.73574938,-288.353315,18.54461381,4.321782244,-3.320915677,-1.623445796,1.904154676,430.8089106,19.04154676,0.5112578877,554.7467146,21.0929075
68996800,-81.85745332,41.39710367,238.4,17.93353332,1747595396792,2.009310007,6.503569126,9.787508011,-0.2536655366,-0.2464472055,-0.4536576867,-0.1425589692,-0.0625223732,677871.7986,-4738040.575,237.6,18.5574032,-287.9556073,18.21653818,3.97707751,-2.379175883,-2.531048266,1.864562707,432.6734733,18.64562707,0.7120937487,223.5450896,-3.312016251
68996900,-81.85743237,41.3971066,238.5,17.75347776,1747595396900,-1.310194492,5.650342941,8.946296692,0.05503573641,0.07292816043,0.8062508702,-0.1074500633,-0.052700009,677873.5866,-4738040.238,237.7,20.34541536,-287.6186862,17.88012165,3.369211033,-1.090057407,-3.234132696,1.819478863,434.4929522,18.19478863,0.4413108651,140.2832578,-0.8326183181
68997000,-81.8574115,41.397109,238.5,17.55284443,1747595397007,-1.296637893,7.645377636,9.453145027,0.013105263,-0.003766071051,-0.5330801606,-0.04783601766,-0.0508665732,677875.3507,-4738039.982,237.7,22.10951693,-287.3621962,17.64101568,2.564899931,-0.7497862632,-4.409672057,1.782650123,436.2756023,17.82650123,0.2736567981,94.02106832,-0.4626218943
68997100,-81.85739048,41.39711083,238.5,17.84607776,1747595397093,-1.699918032,7.320093155,10.69329548,-0.01287300885,0.02323589846,-0.5266949534,-0.0186479475,-0.04919048953,677877.1196,-4738039.78,237.7,23.87834501,-287.1605624,17.68828081,2.016337514,0.3035428022,-5.176926606,1.780283391,438.0558857,17.80283391,-0.0432438549,77.06475915,-0.1695630918
68997200,-81.85736888,41.39711178,238.5,18.09558332,1747595397193,-2.426678538,5.511607885,10.33923578,-0.01036571991,-0.03291761689,-0.06191363931,0.002626524514,-0.05174232182,677878.9095,-4738039.642,237.7,25.66830339,-287.0219392,17.89958376,1.38623205,1.28522842,-5.686470778,1.795318184,439.8512039,17.95318184,-0.1424014773,70.39370947,-0.06671049677
68997300,-81.85734728,41.39711273,238.5,18.34508887,1747595397293,-3.153439045,3.703122616,9.985176086,-0.007858430967,-0.08907113224,0.4028676748,0.02390099653,-0.05429415411,677880.7295,-4738039.563,237.7,27.48828902,-286.9429907,18.19985637,0.7894850895,2.092597556,-5.822420295,1.821697172,441.672901,18.21697172,-0.1281171524,70.85598406,0.004622745945
68997400,-81.85732507,41.39711283,238.5,18.83381109,1747595397360,-3.398795128,4.098059654,9.477285385,-0.02424410731,-0.01087838504,0.4530895352,0.0346318776,-0.05587692022,677882.6107,-4738039.518,237.7,29.3694413,-286.8985127,18.81152279,0.4447803274,2.619646097,-5.690899451,1.881678026,443.5545791,18.81678026,-0.01703083866,77.85624118,0.07000257119
68997500,-81.8573024,41.39711255,238.6,19.09103332,1747595397474,-4.843996525,3.009903908,9.450092316,0.06853103638,-0.1225445345,0.4305393696,0.04917053658,-0.0706140258,677884.5268,-4738039.517,237.8,31.28562539,-286.8974007,19.16184083,0.01111951657,2.931514353,-4.932671826,1.916184406,445.4707635,19.16184406,0.07081074388,94.24052296,0.1638428177
68997600,-81.85727772,41.39711283,238.5,19.80611109,1747595397587,-1.84814477,0.7895015478,9.353507042,0.1156904623,0.2911118567,0.1140962169,0.05233996241,-0.07024625176,677886.4899,-4738039.565,237.7,33.24865756,-286.9452146,19.63032171,-0.4781388585,3.298588734,-3.760997714,1.96361439,447.4343779,19.6361439,-0.1699671976,132.9721734,0.3873165039
68997700,-81.85725402,41.39711183,238.5,19.90899998,1747595397696,-4.011099815,-2.272209167,10.20957184,-0.07975194603,0.01684577204,0.2516548038,0.03749288455,-0.07838998484,677888.4895,-4738039.643,237.7,35.2482507,-287.0230512,19.99593141,-0.7783655915,3.24398248,-2.454149525,2.001107508,449.4354854,20.01107508,0.1020750974,218.7821374,0.8580996408
68997800,-81.85722961,41.39711058,238.55,20.2125222,1747595397779,-1.029384673,-3.988004684,9.564804554,-0.06642447039,-0.136905591,0.47379601,0.00958307489,-0.09828226621,677890.526,-4738039.738,237.75,37.28482185,-287.1186789,20.36571156,-0.9562777169,2.966143154,-1.07145073,2.038815035,451.4743004,20.38815035,0.1756281419,568.1811675,3.4939903
68997900,-81.8572052,41.39710933,238.6,20.51604443,1747595397861,1.95233047,-5.703800201,8.92003727,-0.05309699476,-0.2906569541,0.6959372163,-0.01832673477,-0.1181745476,677892.569,-4738039.856,237.8,39.32778771,-287.2365457,20.42965851,-1.17866789,2.580241063,0.4546191085,2.046363127,453.5206635,20.46363127,-0.05241315578,-884.9123633,-14.53093531
68998000,-81.85718032,41.39710825,238.6,21.17453332,1747595397966,3.371567726,-6.237766743,9.400048256,-0.0005581341684,-0.2192566395,-0.6546396017,-0.04372738365,-0.111890411,677894.63,-4738039.959,237.8,41.38882552,-287.3395865,20.61037814,-1.030407771,1.790513531,1.707899297,2.063611948,455.5842755,20.63611948,-0.5384138382,-302.2177342,5.826946292
68998100,-81.85715525,41.39710753,238.6,20.80413332,1747595398109,-1.673096776,-10.81237602,10.22025204,0.01348724216,-0.1035441831,0.08552074432,-0.110319105,-0.06606568817,677896.6907,-4738040.029,237.8,43.44944629,-287.4088981,20.60620768,-0.6931160204,0.6376562013,2.686687447,2.061786131,457.6460616,20.61786131,-0.1862720086,-200.0791417,1.021385925
68998200,-81.85713047,41.3971072,238.7,20.63951109,1747595398168,-1.597612739,-11.80825996,9.48018074,0.08368805051,-0.1388452947,1.444059134,-0.1378988054,-0.07624327709,677898.7414,-4738040.051,237.9,45.50019698,-287.4307665,20.50750696,-0.2186836582,-0.5530928524,3.65675156,2.05086729,459.6969289,20.5086729,-0.1308381889,-146.7102287,0.5336891303
68998300,-81.85710608,41.39710747,238.7,20.18165554,1747595398282,1.443644524,-6.44022274,9.470983505,0.09467282891,0.2483890802,0.6605374813,-0.1704262993,-0.07273603539,677900.7666,-4738040.017,237.9,47.5253689,-287.3970373,20.25171919,0.3372917417,-1.829573179,4.309436539,2.025452778,461.7223817,20.25452778,0.07287224671,-120.2667887,0.2644343993
68998400,-81.85708227,41.39710835,238.7,19.70836665,1747595398386,2.854858637,-8.503290176,9.564302444,-0.2384765148,-0.2550467551,0.1032942757,-0.2040355219,-0.06319915784,677902.7692,-4738039.908,237.9,49.52802038,-287.2886221,20.02651473,1.084152078,-3.170175869,4.703811331,2.0055839,463.7279656,20.055839,0.3474723488,-105.0227394,0.1524404938
68998500,-81.85705892,41.39710977,238.7,19.50773332,1747595398487,3.314541817,-7.821245193,9.616827011,-0.1438864321,-0.1607380211,0.9735730886,-0.2279014159,-0.04638888421,677904.7541,-4738039.734,237.9,51.51287792,-287.1140458,19.84857541,1.745762806,-3.916785551,5.176242019,1.992520097,465.7204857,19.92520097,0.4174676488,-91.71360694,0.1330913243
68998600,-81.8570352,41.39711241,238.75,19.15791109,1747595398574,3.096697688,-6.81896472,9.300946712,-0.129013937,-0.3139393628,0.1119201481,-0.2454897899,-0.0431654426,677906.6897,-4738039.498,237.95,53.44852411,-286.8786829,19.35646197,2.353629274,-4.845528181,5.350886268,1.949903051,467.6703887,19.49903051,0.3411194142,-81.7753314,0.09938275541
68998700,-81.85701148,41.39711505,238.8,18.80808887,1747595398660,2.878853559,-5.816684246,8.985066414,-0.1141414419,-0.4671407044,-0.7497327924,-0.263078164,-0.039942001,677908.5723,-4738039.21,238,55.33106654,-286.590317,18.8254243,2.883659163,-5.603817131,5.073425641,1.904500171,469.5748889,19.04500171,0.236912841,-78.30569244,0.03469638956
68998800,-81.85699005,41.39711805,238.8,17.68145554,1747595398775,8.257972717,-3.679387569,9.426630974,-0.1844247878,-0.284207046,-0.6859822273,-0.2699485248,0.002987420995,677910.3914,-4738038.874,238,57.15021809,-286.2545078,18.19151546,3.358091526,-6.207085387,4.722083335,1.84988652,471.4247754,18.4988652,0.8174096572,-74.8955512,0.03410141242
68998900,-81.85696942,41.39712132,238.8,17.59914443,1747595398886,5.23281765,-4.840114117,10.10864735,-0.02312182821,-0.323911041,-0.7855561376,-0.2748074552,0.05144485325,677912.119,-4738038.518,238,58.87775869,-285.8984982,17.27540598,3.560095942,-6.570915025,4.146672726,1.763842212,473.1886176,17.63842212,0.0392776922,-72.65105159,0.02244499607
68999000,-81.85694987,41.39712487,238.8,16.06095554,1747595399010,7.774291992,-3.617572784,10.40553284,-0.1060667038,-0.4988684952,-0.2039855868,-0.2802237173,0.08090381137,677913.7549,-4738038.142,238,60.51368834,-285.5222882,16.35929649,3.76210033,-7.166948497,3.098994982,1.678630337,474.867248,16.78630337,0.7253478241,-76.32439026,-0.03673338671
68999100,-81.85693164,41.39712842,238.8,15.49506665,1747595399090,7.543309927,-2.623606801,10.24492931,-0.158071503,-0.4311165661,-0.355018355,-0.277983705,0.1013873169,677915.3119,-4738037.756,238,62.07065741,-285.1356999,15.56969075,3.86588241,-7.432117859,1.866537378,1.604245358,476.4714933,16.04245358,0.5473869287,-89.1985965,-0.1287420623
68999200,-81.85691342,41.39713197,238.8,14.92917776,1747595399170,7.312327862,-1.629640818,10.08432579,-0.2100763023,-0.3633646369,-0.5060511231,-0.2757436928,0.1218708225,677916.7918,-4738037.366,238,63.55061212,-284.7465171,14.79954712,3.89182793,-7.516272208,0.7355875305,1.530270955,478.0017643,15.30270955,0.3735317867,-111.0520069,-0.2185341045
68999300,-81.85689672,41.39713543,238.9,14.04947777,1747595399275,8.354334831,-1.252962589,9.48459053,0.03292099759,-0.02439017221,0.6595757008,-0.2665660051,0.1657052527,677918.2091,-4738036.974,238.1,64.96787103,-284.3541838,14.17258904,3.923333203,-7.389822552,-0.520843002,1.470560517,479.4723248,14.70560517,0.6561274054,-182.46166,-0.714096531
68999400,-81.8568807,41.39713882,238.9,13.77167777,1747595399386,5.182779789,2.893260956,11.6186533,-0.499214083,-0.8599292636,-0.4998527467,-0.2402597423,0.1909187912,677919.5857,-4738036.579,238.1,66.34453752,-283.9587,13.76666496,3.954838486,-7.107216082,-1.794642852,1.432347065,480.9046719,14.32347065,0.5517928873,-1068.906411,-8.864447511
68999500,-81.85686491,41.39714251,238.95,12.8842611,1747595399487,4.730233669,4.906934977,10.75960636,-0.1593234316,-0.2990901321,-0.4538667947,-0.2042687173,0.2112871227,677920.8853,-4738036.206,238.15,67.64405064,-283.5865671,12.99513118,3.721328788,-6.550237723,-3.009228308,1.35174599,482.2564179,13.5174599,0.6331988022,206.5200105,12.75426422
68999600,-81.85684912,41.3971462,239,11.99684443,1747595399587,4.27768755,6.920608997,9.900559425,0.1805672199,0.2617489994,-0.4078808427,-0.1682776923,0.2316554541,677922.1222,-4738035.873,238.2,68.88100697,-283.2535378,12.36956324,3.330292767,-5.734225017,-3.857283186,1.281003297,483.5374212,12.81003297,0.8131885366,90.08280195,-1.164372085
68999700,-81.85683552,41.3971487,239,11.44124443,1747595399702,3.584991217,7.009094715,9.452402115,-0.2968143821,-0.5945738554,-1.449450135,-0.1179542953,0.2447543721,677923.308,-4738035.578,238.2,70.06680574,-282.9577589,11.85798769,2.957789227,-4.91902122,-4.678796381,1.222130882,484.759552,12.22130882,0.7800643835,54.48324698,-0.3559955497
68999800,-81.85682257,41.39715041,239,11.08370555,1747595399793,4.837714553,8.740021467,9.861523151,-0.2393686175,-0.3954470232,-1.091157317,-0.08080092086,0.2490817518,677924.4411,-4738035.348,238.2,71.19991778,-282.7285117,11.33112048,2.292471984,-4.013219037,-5.370018569,1.156069717,485.9156218,11.56069717,0.476991623,36.38615389,-0.1809709309
68999900,-81.85680962,41.39715212,239,10.72616666,1747595399883,6.090437889,10.47094822,10.27064419,-0.181922853,-0.196320191,-0.7328644991,-0.04364754637,0.2534091314,677925.5202,-4738035.203,238.2,72.27895296,-282.5832168,10.79035175,1.452949084,-3.100968256,-5.928405208,1.088773402,487.0043952,10.88773402,0.1615673579,26.27321258,-0.1011294131
69000000,-81.85679698,41.39715282,239,10.44836666,1747595399995,1.952634811,10.02852821,9.166060448,0.03108526953,0.05132978037,-1.586848855,0.007061610446,0.2634834271,677926.5828,-4738035.141,238.2,73.34158435,-282.5211329,10.62631394,0.6208392233,-2.416635883,-6.566592528,1.064443466,488.0688386,10.64443466,0.1960680054,21.34296296,-0.04930249623
69000100,-81.85678443,41.39715273,239,10.59755555,1747595400091,-1.799487352,9.269994736,8.952045441,-0.03448003531,-0.1657877415,-0.05309986323,0.05653409037,0.2549852029,677927.6399,-4738035.144,238.2,74.39865514,-282.5246541,10.5707079,-0.03521177918,-1.802338221,-7.251035404,1.057076655,489.1259153,10.57076655,-0.02678899918,18.59449667,-0.0274846629
69000200,-81.85677182,41.39715149,239,10.81619444,1747595400203,-0.3764685392,8.09527874,8.435199976,0.07226821035,-0.06123573333,-0.4023826681,0.1007395391,0.2462881781,677928.6955,-4738035.238,238.2,75.45433578,-282.6184286,10.55680639,-0.9377452079,-1.246900428,-7.854132736,1.05983738,490.1857527,10.5983738,-0.2178206328,17.1011113,-0.01493385372
69000300,-81.8567592,41.39715025,239,11.03483332,1747595400315,1.046550274,6.920562744,7.918354511,0.179016456,0.04331627488,-0.751665473,0.1449449879,0.2375911532,677929.7546,-4738035.411,238.2,76.51335278,-282.7911516,10.59017001,-1.727230297,-0.794072046,-8.371686043,1.073009904,491.2587626,10.73009904,-0.3047342828,16.59114912,-0.005099621749
69000400,-81.85674633,41.3971479,239,11.09656666,1747595400376,4.011239052,8.576826096,7.593260765,-0.1307896227,0.2411224544,0.2796506584,0.1523695368,0.2249498446,677930.8176,-4738035.657,238.2,77.57640122,-283.0370781,10.63048439,-2.459264612,-0.4055023557,-8.488933429,1.091124103,492.3498867,10.91124103,-0.1853256303,17.23745855,0.006463094234
69000500,-81.8567335,41.39714505,239,11.32292221,1747595400498,2.00079155,11.28364944,10.39423275,-0.3872970939,-0.3749401867,0.5447775126,0.2004359344,0.2002087342,677931.8836,-4738035.95,238.2,78.64236898,-283.3304478,10.65967756,-2.933696955,0.08041425814,-8.529457774,1.105600758,493.4554874,11.05600758,-0.2669146349,18.06116144,0.008237028958
69000600,-81.85672071,41.39714168,239.05,11.80392777,1747595400587,-0.5005247593,9.372202873,9.157506704,-0.2351552844,-0.1207592264,0.9871310592,0.2226321731,0.1943186006,677932.9565,-4738036.33,238.25,79.71528749,-283.7103643,10.72918511,-3.799165357,0.1825237741,-8.48020335,1.138196251,494.5936837,11.38196251,-0.4219652585,19.83802477,0.01776863328
69000700,-81.85670792,41.3971383,239.1,12.28493332,1747595400675,-3.001841068,7.460756302,7.920780659,-0.08301347494,0.133421734,1.429484606,0.2448284117,0.1884284669,677934.0325,-4738036.79,238.3,80.79126433,-284.1703413,10.75976843,-4.599769963,0.2636060673,-8.300100493,1.170173066,495.7638567,11.70173066,-0.5832026673,22.14424383,0.02306219059
69000800,-81.85669488,41.39713317,239.1,12.33637777,1747595400784,4.104795933,8.553413391,8.921703339,-0.3235471547,-0.2537133396,-0.099166587,0.2693275291,0.1587372519,677935.111,-4738037.337,238.3,81.86974345,-284.7174211,10.78479115,-5.470798118,0.3891422939,-7.795663525,1.209302907,496.9731596,12.09302907,-0.2433486943,26.34401796,0.04199774127
69000900,-81.85668183,41.39712722,239.2,13.22122221,1747595400890,-1.438359022,3.109370708,10.10648346,-0.05849118531,0.03979798406,-0.2493911386,0.2721709573,0.1655046157,677936.1901,-4738037.976,238.4,82.94891764,-285.3564222,10.7917419,-6.390010817,0.4378134792,-7.48786264,1.254168775,498.2273284,12.54168775,-0.6795344629,30.95916399,0.04615146036
69001000,-81.85666885,41.39712045,239.2,13.21607777,1747595400999,-1.881271124,0.3297678828,9.937026024,0.1540856957,0.2867853642,0.6077273488,0.2580336028,0.1726562742,677937.27,-4738038.707,238.4,84.0287869,-286.0873445,10.79869266,-7.309223497,0.3970723775,-6.877743691,1.303980488,499.5313089,13.03980488,-0.1762728895,38.15305446,0.07193890469
69001100,-81.85665602,41.39711294,239.2,13.4630111,1747595401084,-2.453243017,-0.1490807831,9.968317509,0.01223963499,0.00881062448,0.02993261814,0.250746109,0.1630676085,677938.3451,-4738039.502,238.4,85.10392965,-286.8823894,10.75142752,-7.950448496,0.609435095,-6.204175554,1.337171736,500.8684806,13.37171736,-0.09129374189,47.56170615,0.09408651691
69001200,-81.85664318,41.39710543,239.2,13.70994443,1747595401169,-3.025214911,-0.6279294491,9.999608994,-0.1296064258,-0.2691641152,-0.5478621125,0.2434586152,0.1534789428,677939.4201,-4738040.35,238.4,86.17893339,-287.7304372,10.75003737,-8.480478376,0.9243072404,-5.325483574,1.369239997,502.2377206,13.69239997,-0.0175444587,64.05265649,0.1649095034
69001300,-81.85663043,41.39709742,239.2,14.10606665,1747595401321,-5.499845505,-2.798526764,9.58790493,0.04623093829,-0.2243331671,-0.3119905889,0.2093873919,0.1135355144,677940.4961,-4738041.233,238.4,87.25491024,-288.6133262,10.75976843,-8.828889653,1.269468226,-4.486007353,1.391840182,503.6295608,13.91840182,-0.1876648334,89.81421835,0.2576156186
69001400,-81.85661739,41.39708908,239.25,14.39415554,1747595401395,-4.790938616,-2.134963572,9.563143253,-0.01930745505,-0.1582385972,-0.1973758861,0.1951353375,0.09741681488,677941.5846,-4738042.167,238.45,88.34339844,-289.5471796,10.88488202,-9.338533785,1.64886719,-3.378733559,1.434185726,505.0637466,14.34185726,-0.0522982789,170.7477197,0.8093350134
69001500,-81.85660435,41.39708075,239.3,14.68224443,1747595401468,-4.082031727,-1.47140038,9.538381577,-0.08484584838,-0.09214402735,-0.08276118338,0.1808832831,0.08129811536,677942.6923,-4738043.117,238.5,89.45107072,-290.4975269,11.07672285,-9.503473155,2.077300897,-2.471870232,1.459485495,506.523232,14.59485495,-0.08738947982,504.3346713,3.335869516
69001600,-81.85659077,41.39707095,239.3,14.82628888,1747595401605,-3.701165915,-3.593211174,10.210495,-0.05738676339,0.08258134127,0.3362902105,0.1358349717,0.05431272128,677943.8314,-4738044.072,238.5,90.59016042,-291.4526926,11.39089697,-9.55165769,2.458799404,-1.273333346,1.486562136,508.0097942,14.86562136,0.03933248281,-453.9305534,-9.582652247
69001700,-81.85657678,41.3970627,239.3,15.21212221,1747595401721,-3.434387207,-3.602844715,9.71011734,0.1818032563,0.2217172831,-0.3360443115,0.1120730901,0.03910146574,677945.0105,-4738045.021,238.5,91.76928646,-292.4011867,11.79126045,-9.484940646,2.898885117,-0.1344712797,1.513267729,509.5230619,15.13267729,-0.0794449197,-166.2150539,2.877154995
69001800,-81.85656215,41.39705447,239.3,15.35616665,1747595401802,-1.752285004,-4.932026386,11.31133366,0.06057899073,0.2856114209,1.066126347,0.09125811904,0.03009725933,677946.2297,-4738045.963,238.5,92.98844886,-293.3430091,12.19162392,-9.418223593,3.216879304,0.9356405261,1.540579856,511.0636418,15.40579856,0.04963191158,-109.1156139,0.5709943997
69001900,-81.85654671,41.39704643,239.35,15.65454443,1747595401884,-1.485433102,-4.54365015,10.54472256,0.01997637749,0.1777227558,1.293194056,0.06768913427,0.01052740682,677947.4914,-4738046.856,238.55,94.25014987,-294.2366469,12.61701012,-8.93637822,3.491455709,1.797611453,1.546117072,512.6097588,15.46117072,-0.1933737136,-85.39397637,0.2372163758
69002000,-81.85653127,41.3970384,239.4,15.95292221,1747595401965,-1.2185812,-4.155273914,9.778111458,-0.02062623575,0.06983409077,1.520261765,0.04412014949,-0.009042445702,677948.7956,-4738047.73,238.6,95.5543895,-295.109899,13.04239631,-8.732520575,3.675960871,2.874084533,1.569589173,514.179348,15.69589173,-0.2570304824,-69.26327532,0.1613070105
69002100,-81.85651513,41.39703077,239.4,15.95806665,1747595402074,-0.5523486137,-6.988689899,8.432195663,-0.1527257264,-0.1325349659,0.2893829644,0.003634322019,-0.03423975059,677950.1377,-4738048.572,238.6,96.89644123,-295.952387,13.42051737,-8.42488084,3.824464801,3.673769505,1.584578504,515.7639265,15.84578504,-0.1122816113,-60.87598249,0.08387292835
69002200,-81.8564986,41.39702343,239.4,16.12268887,1747595402188,5.325134277,-5.743362427,9.354467392,0.1715433896,0.5647135973,2.517467022,-0.03765552541,-0.01857538863,677951.5135,-4738049.371,238.6,98.27227364,-296.7516944,13.75832405,-7.993073277,3.815275896,4.306831433,1.5911653,517.3550918,15.911653,-0.211035877,-56.00746847,0.04868514015
69002300,-81.8564817,41.39701658,239.4,16.01465554,1747595402287,-5.944498062,-7.756838799,11.29065514,-0.1327147782,-0.3180077672,-0.6347758174,-0.07311866823,-0.02856247213,677952.9231,-4738050.128,238.6,99.68188671,-297.5078209,14.09613074,-7.561265687,3.779910892,4.841608677,1.599605078,518.9546969,15.99605078,-0.01860476347,-52.76604313,0.03241425339
69002400,-81.85646423,41.39701049,239.4,15.88604443,1747595402379,-5.805406809,-7.026108742,10.22456932,0.01222780347,-0.2527663708,-0.1993426159,-0.09818734681,-0.05242275424,677954.3672,-4738050.86,238.6,101.1259755,-298.2405965,14.44088817,-7.327756016,3.62198629,5.449976744,1.619367962,520.5740649,16.19367962,0.3076351849,-50.41837431,0.02347668822
69002500,-81.85644677,41.3970044,239.4,15.75743332,1747595402470,-5.666315556,-6.295378685,9.158483505,0.1571703851,-0.1875249743,0.2360905856,-0.1232560254,-0.07628303635,677955.8388,-4738051.526,238.6,102.5975893,-298.9062844,14.71613806,-6.65687901,3.361252322,5.580061799,1.615174163,522.189239,16.15174163,0.3943083091,-50.37683512,0.0004153919078
69002600,-81.85642857,41.39699782,239.4,16.0558111,1747595402592,-3.120928288,-6.204422951,10.68604565,0.09992162138,0.09978623688,0.9899371862,-0.1440737582,-0.08719253408,677957.34,-4738052.114,238.6,104.0988134,-299.4946918,15.01224022,-5.884073181,3.00028115,5.85393588,1.612419529,523.8016585,16.12419529,0.06838418783,-49.61781844,0.00759016673
69002700,-81.85641038,41.3969935,239.4,15.8706111,1747595402700,-0.467769146,-6.189817429,8.472040176,-0.07595004886,0.2944994569,-0.4230928719,-0.1734114413,-0.08072442051,677958.8614,-4738052.642,238.6,105.6201946,-300.0226831,15.21381211,-5.279913237,2.605403752,6.264886359,1.610396108,525.4120547,16.10396108,0.2333499869,-47.82456033,0.01793258116
69002800,-81.85639171,41.39699013,239.4,15.98121665,1747595402785,0.2633719444,-6.314296961,9.484904289,-0.04005160416,-0.001840159297,-0.5491365641,-0.1995585307,-0.09491973834,677960.4089,-4738053.095,238.6,107.1677106,-300.4748764,15.47516049,-4.521933394,2.18391398,6.626309748,1.612229741,527.0242844,16.12229741,0.141080757,-46.56250127,0.0126205906
69002900,-81.85637303,41.39698675,239.4,16.09182221,1747595402870,0.9945130348,-6.438776493,10.4977684,-0.004153159447,-0.2981797755,-0.6751802564,-0.2257056201,-0.1091150562,677961.9798,-4738053.448,238.6,108.7385812,-300.8284768,15.70870585,-3.53600367,1.762415117,6.778665311,1.610176268,528.6344607,16.10176268,0.009940468503,-46.25777095,0.003047303185
69003000,-81.856354,41.39698407,239.4,16.31817776,1747595402980,-5.645040989,-6.796789169,11.46742153,-0.4241670668,-0.7017762065,-0.7908419371,-0.2597702678,-0.1160911503,677963.5743,-4738053.754,238.6,110.3330844,-301.1338926,15.94503151,-3.054158287,1.376994741,7.234168948,1.623489799,530.2579505,16.23489799,-0.08327977611,-44.7320008,0.01525770149
69003100,-81.8563344,41.39698192,239.45,16.55224999,1747595403074,-3.319586992,-7.706923962,9.150436163,-0.1342719644,-0.4087581113,-0.5074165985,-0.2791935482,-0.1239145199,677965.1837,-4738054.008,238.65,111.9424621,-301.3879734,16.09377766,-2.540807677,1.009188701,7.565760992,1.629310845,531.8872613,16.29310845,-0.2591415313,-43.49214176,0.01239859037
69003200,-81.8563148,41.39697977,239.5,16.78632221,1747595403168,-0.9941329956,-8.617058754,6.833450794,0.155623138,-0.1157400161,-0.2239912599,-0.2986168286,-0.1317378894,677966.806,-4738054.189,238.7,113.5647683,-301.5688507,16.2230617,-1.808773363,0.6987201377,7.68629807,1.632358392,533.5196197,16.32358392,-0.4627382846,-43.17597887,0.003161628927
69003300,-81.85629523,41.3969787,239.5,16.08153332,1747595403279,-3.577415705,-6.546075821,9.329301834,0.1265934855,0.1465927064,0.3592145145,-0.3161022892,-0.1328953518,677968.4263,-4738054.291,238.7,115.1851282,-301.6713355,16.20359959,-1.024848027,0.3525139246,7.839126169,1.623597712,535.1432174,16.23597712,0.1544438048,-41.99145784,0.01184521031
69003400,-81.85627578,41.39697862,239.5,16.14326665,1747595403388,-7.064725876,-9.057357788,11.08486938,-0.04727266729,-0.272379905,0.1668104678,-0.3304170995,-0.1378391795,677970.0353,-4738054.327,238.7,116.794089,-301.7072886,16.08960722,-0.3595307563,0.05859175128,7.862196407,1.609362367,536.7525798,16.09362367,-0.04964298663,-41.14643239,0.008450254523
69003500,-81.85625687,41.39697946,239.5,16.10725554,1747595403485,-6.497972012,-7.834331989,10.38896942,-0.04573666491,-0.2545510307,0.340784885,-0.341193169,-0.1558604744,677971.6323,-4738054.267,238.7,118.3910944,-301.6472433,15.97005423,0.6004534476,-0.2211971489,7.76057352,1.598133838,538.3507136,15.98133838,-0.1259171624,-41.06417632,0.0008225606493
69003600,-81.85623795,41.3969803,239.5,16.07124443,1747595403581,-5.931218147,-6.61130619,9.693069458,-0.04420066252,-0.2367221564,0.5147593021,-0.3519692385,-0.1738817693,677973.2167,-4738054.112,238.7,119.9754494,-301.4917555,15.84355049,1.554877926,-0.4477476737,7.702267895,1.591966512,539.9426801,15.91966512,-0.15157931,-41.02180258,0.0004237374547
69003700,-81.85621907,41.39698247,239.5,15.90662221,1747595403698,-2.025304317,-6.315605164,8.407330513,0.1124555543,0.05235148221,0.2630203366,-0.3640409295,-0.1799189491,677974.7903,-4738053.882,238.7,121.5491003,-301.2626936,15.73650887,2.290618718,-0.6691629563,7.759531483,1.590234717,541.5329148,15.90234717,-0.004275041586,-40.58252061,0.004392819688
69003800,-81.85620026,41.39698569,239.45,16.04037776,1747595403789,-2.957551599,-6.805720568,9.029827595,-0.03234408423,0.03925665095,0.9313566983,-0.3757945566,-0.1885834868,677976.3592,-4738053.579,238.65,123.1180247,-300.959687,15.68924373,3.030066034,-0.8803077524,7.654273578,1.597916359,543.1308312,15.97916359,-0.06121417182,-41.4858163,-0.009032956857
69003900,-81.85618145,41.39698892,239.4,16.17413332,1747595403880,-3.88979888,-7.295835972,9.652324677,-0.1771437228,0.0261618197,1.59969306,-0.3875481836,-0.1972480246,677977.9223,-4738053.189,238.6,124.6811104,-300.5690216,15.63085739,3.906653943,-1.096360572,7.775961761,1.611166186,544.7419974,16.11166186,-0.06247146041,-41.5159303,-0.0003011400659
69004000,-81.85616282,41.39699308,239.4,16.33875554,1747595403987,-4.545656204,-5.508337021,10.00029564,-0.1385948509,-0.4411512315,-0.1366015226,-0.3954208418,-0.206780254,677979.478,-4738052.718,238.6,126.2368284,-300.0979251,15.5571794,4.710965045,-1.222569376,7.930873925,1.625481536,546.3674789,16.25481536,-0.08394018153,-41.56797087,-0.0005204057327
69004100,-81.85614425,41.39699787,239.4,16.51366665,1747595404101,-4.715238571,-6.379632473,9.294214249,0.002178192139,-0.1533426344,0.5159899592,-0.4076629433,-0.2275027673,677981.0276,-4738052.19,238.6,127.7864297,-299.5699338,15.49601275,5.279913228,-1.303215398,7.833710018,1.63708245,548.0045614,16.3708245,-0.1428421491,-42.77647375,-0.01208502875
69004200,-81.85612581,41.39700365,239.4,16.61912776,1747595404187,-4.297770977,-5.877881765,9.622966766,0.07878454775,0.04178202152,-0.01149061322,-0.4155176323,-0.2289022607,677982.5613,-4738051.585,238.6,129.3200442,-298.9650325,15.33614539,6.049012551,-1.405820267,7.610489826,1.648599127,549.6531605,16.48599127,-0.1331364893,-44.77574015,-0.01999266404
69004300,-81.85610737,41.39700943,239.4,16.72458887,1747595404272,-3.880303383,-5.376131058,9.951719284,0.1553909034,0.2369066775,-0.5389711857,-0.4233723214,-0.2303017541,677984.081,-4738050.907,238.6,130.8397572,-298.2874838,15.1971303,6.775487103,-1.613983899,7.602480703,1.663911039,551.3170715,16.63911039,-0.0854784801,-45.61296812,-0.008372279639
69004400,-81.85608952,41.39701612,239.4,16.94065554,1747595404394,-1.07402873,-7.858461857,10.27628136,-0.07915840298,-0.07523342967,-0.02652078308,-0.4453859669,-0.2445883738,677985.5812,-4738050.149,238.6,132.3400081,-297.5293187,15.00250916,7.581651453,-1.829536824,7.362509168,1.680942354,552.9980139,16.80942354,-0.1312319989,-47.87812736,-0.02265159245
69004500,-81.85607172,41.39702355,239.4,17.17215554,1747595404488,-7.153164864,-8.102793694,11.36572456,-0.06603470445,-0.543674767,-0.9939001799,-0.4520803165,-0.2464155745,677987.0641,-4738049.333,238.6,133.8228822,-296.7127761,14.82874029,8.165425649,-2.118591877,7.226929216,1.692825197,554.6908391,16.92825197,-0.2439035732,-48.87383985,-0.009957124867
69004600,-81.85605432,41.39703196,239.35,17.2827611,1747595404581,-4.915205359,-6.568642616,9.848332405,-0.1712039709,-0.5555567443,-0.589146696,-0.4603647988,-0.2661318667,677988.5171,-4738048.435,238.55,135.275868,-295.8154318,14.52985783,8.973443257,-2.615910548,7.2900694,1.707745451,556.3985845,17.07745451,-0.2053065852,-48.29895373,0.005748861183
69004700,-81.85603692,41.39704037,239.3,17.39336665,1747595404673,-2.677245855,-5.034491539,8.330940247,-0.2763732374,-0.5674387217,-0.1843932122,-0.4686492811,-0.2858481588,677989.9423,-4738047.462,238.5,136.7010507,-294.8421041,14.25182764,9.73327633,-3.100259318,7.379351415,1.725836781,558.1244213,17.25836781,-0.134998846,-47.69986637,0.005990873615
69004800,-81.85602027,41.39704978,239.3,17.46024443,1747595404790,-2.460661411,-8.214857101,8.808734894,0.1572191566,-0.03036183119,0.2090091705,-0.4762504443,-0.2824596526,677991.3281,-4738046.408,238.5,138.0868922,-293.7881601,13.85841492,10.53944069,-3.517409131,7.222252149,1.741078614,559.8654999,17.41078614,-0.04945828758,-48.36058881,-0.006607224441
69004900,-81.85600408,41.39705988,239.3,17.74833332,1747595404904,-5.126693249,-8.141057014,8.255414009,-0.1384771466,0.4172570705,1.833092451,-0.4969130614,-0.2683244913,677992.6813,-4738045.295,238.5,139.4400652,-292.6752826,13.53172945,11.12877462,-3.896449083,7.155682935,1.752019767,561.6175197,17.52019767,-0.228135648,-48.23680545,0.001237833616
69005000,-81.85598864,41.39707094,239.3,17.93610554,1747595404986,-3.6559484,-7.800532341,9.636189938,-0.06802239083,0.3248943985,1.379575253,-0.5063182889,-0.2783479629,677993.9886,-4738044.101,238.5,140.7473631,-291.481418,13.07297963,11.9386455,-4.45602688,7.051388315,1.770406882,563.3879266,17.70406882,-0.2320367238,-48.03477123,0.002020342175
69005100,-81.8559732,41.397082,239.3,18.12387776,1747595405067,-2.185203552,-7.460007668,11.01696587,0.00243236497,0.2325317264,0.926058054,-0.5157235165,-0.2883714345,677995.2439,-4738042.843,238.5,142.0026694,-290.2230603,12.55306317,12.58357697,-4.840588351,6.821449429,1.777430179,565.1653568,17.77430179,-0.3495759689,-48.23907085,-0.002042996198
69005200,-81.85595855,41.39709405,239.3,17.83064443,1747595405187,-2.587022305,-6.008910179,9.448381424,-0.2839159966,-0.553892076,-0.1949462295,-0.5355619517,-0.3048880759,677996.4394,-4738041.515,238.5,143.1981993,-288.8948351,11.95529826,13.28225276,-5.248467458,6.422143138,1.787029364,566.9523861,17.87029364,0.03964921416,-49.06336177,-0.008242909149
69005300,-81.85594502,41.39710637,239.3,18.11358887,1747595405316,-0.8333921432,-6.872512817,7.584762573,0.1691502631,0.4599666595,1.29482615,-0.5533530106,-0.3061289132,677997.5875,-4738040.138,238.5,144.3463249,-287.5180546,11.48125678,13.76780461,-5.654760549,6.015651595,1.792684303,568.7450704,17.92684303,-0.1867458458,-49.39787131,-0.003345095394
69005400,-81.85593242,41.39711961,239.3,18.20104443,1747595405397,-0.8277318478,-7.011790752,8.692363262,0.081348815,0.3679802418,1.541327298,-0.5612051794,-0.3044100648,677998.6721,-4738038.679,238.5,145.4309207,-286.0591751,10.84595779,14.58879499,-6.151165779,5.646067601,1.817877167,570.5629476,18.17877167,-0.02227275432,-50.18263025,-0.007847589383
69005500,-81.85591982,41.39713285,239.3,18.28849998,1747595405477,-0.8220715523,-7.151068687,9.799963951,-0.006452633068,0.275993824,1.787828445,-0.5690573482,-0.3026912164,677999.6822,-4738037.169,238.5,146.4410044,-284.5487752,10.10083687,15.10399887,-6.444229056,5.427821342,1.817024181,572.3799718,18.17024181,-0.1182581713,-49.72019891,0.00462431336
69005600,-81.85590818,41.3971476,239.3,18.0467111,1747595405610,-6.738022327,-7.972668171,11.19129753,0.2060613185,-0.03639607131,0.326482743,-0.568912058,-0.313951337,678000.6364,-4738035.613,238.5,147.395204,-282.9927854,9.54199619,15.55989872,-6.685003744,5.029660064,1.825267486,574.2052393,18.25267486,0.2059637601,-50.46737545,-0.007471765413
69005700,-81.855898,41.39716197,239.35,18.04413887,1747595405690,-5.872759104,-7.3829,10.14464998,0.1329158153,-0.003961710259,0.4790078551,-0.5722871892,-0.319122642,678001.5272,-4738034.017,238.55,148.2860128,-281.3973212,8.908087352,15.95464126,-7.043757221,4.762922724,1.827305662,576.0325449,18.27305662,0.228917742,-49.72580994,0.007415655117
69005800,-81.85588782,41.39717633,239.4,18.04156665,1747595405770,-5.00749588,-6.793131828,9.098002434,0.05977031216,0.0284726508,0.6315329671,-0.5756623204,-0.3242939469,678002.3396,-4738032.375,238.6,149.098417,-279.7549698,8.124042212,16.42351387,-7.260250849,4.530118248,1.832298747,577.8648437,18.32298747,0.2814208159,-49.74940336,-0.000235934166
69005900,-81.85587902,41.39719135,239.4,18.48398887,1747595405895,-2.300180435,-5.948739052,10.47316837,-0.1896914393,-0.08103109896,0.8158354163,-0.5872819557,-0.3287586693,678003.0663,-4738030.71,238.6,149.8250489,-278.0900088,7.26631907,16.64961053,-7.361837758,4.312029517,1.816614774,579.6814585,18.16614774,-0.3178411345,-49.12230757,0.006270957907
69006000,-81.85587112,41.3972067,239.4,18.17017776,1747595406003,-4.885266781,-8.153753281,10.25144768,-0.04940069094,-0.1139971837,-0.4663978219,-0.5948859083,-0.3182318941,678003.7313,-4738029.014,238.6,150.4900971,-276.3939131,6.650482193,16.96095677,-7.350117585,3.760397926,1.82182043,581.5032789,18.2182043,0.04802653966,-50.95798838,-0.01835680818
69006100,-81.85586463,41.39722247,239.4,18.19589998,1747595406086,-4.508713961,-8.006133318,9.97818327,-0.04429380223,-0.3218213134,-0.5415556133,-0.6039299153,-0.3222711578,678004.3121,-4738027.279,238.6,151.0709022,-274.6592698,5.808050712,17.34643307,-7.506674306,3.35699012,1.829295474,583.3325744,18.29295474,0.09705475727,-51.59158365,-0.00633595269
69006200,-81.85585813,41.39723823,239.4,18.22162221,1747595406168,-4.13216114,-7.858513355,9.704918861,-0.03918691352,-0.529645443,-0.6167134047,-0.6129739223,-0.3263104214,678004.8156,-4738025.514,238.6,151.5744149,-272.8946038,5.035126776,17.64665977,-7.474226851,2.866844806,1.835094283,585.1676686,18.35094283,0.1293206228,-53.30086422,-0.01709280565
69006300,-81.855853,41.39725433,239.5,18.65375554,1747595406286,-4.269879341,-8.520232201,9.501784325,0.1360025108,0.002236552071,-0.1418835074,-0.6217850707,-0.3282525264,678005.2356,-4738023.705,238.7,151.9943795,-271.0852745,4.199646047,18.09329338,-7.578676764,2.525141366,1.857429117,587.0250978,18.57429117,-0.07946437164,-54.80083026,-0.01499966039
69006400,-81.85584883,41.3972707,239.5,18.43254443,1747595406433,-6.218253136,-8.350624084,9.776878357,0.05284690857,-0.2381764501,-0.4544093013,-0.6329695471,-0.3278571711,678005.5955,-4738021.86,238.7,152.3542895,-269.2405481,3.599100832,18.44726439,-7.336793224,1.147513384,1.879508154,588.9046059,18.79508154,0.3625371127,-60.1954418,-0.05394611543
69006500,-81.85584594,41.39728806,239.55,18.45312221,1747595406505,-5.285392046,-7.936207533,9.779687405,0.1074129865,-0.1170826429,-0.2470895704,-0.6344327495,-0.3276938314,678005.8724,-4738019.996,238.75,152.6312076,-267.3765478,2.769180711,18.64000253,-7.607756774,1.30232259,1.884457631,590.7890635,18.84457631,0.3914541028,-58.2056198,0.01989822002
69006600,-81.85584305,41.39730542,239.6,18.47369998,1747595406576,-4.352530956,-7.521790981,9.782496452,0.1619790643,0.004011164419,-0.0397698395,-0.635895952,-0.3275304918,678006.069,-4738018.12,238.8,152.827775,-265.5003161,1.965673454,18.76231713,-7.78530891,1.272854751,1.886500507,592.675564,18.86500507,0.3913050861,-57.15905543,0.0104656437
69006700,-81.85584153,41.39732205,239.6,18.6486111,1747595406689,-8.41501236,-8.161842346,9.531596184,0.1812793761,-0.3823948801,-2.077085495,-0.6279140379,-0.3495352957,678006.2013,-4738016.238,238.8,152.9601173,-263.6177833,1.323423715,18.82532768,-7.966814728,1.15739457,1.88717888,594.5627429,18.8717888,0.2231777066,-56.11307074,0.01045984686
69006800,-81.85584122,41.3973387,239.6,18.65632776,1747595406780,-5.180235922,-7.747532129,9.274971962,0.1031135358,-0.1538847312,-1.07703314,-0.6309519963,-0.343050478,678006.2668,-4738014.367,238.8,153.0255934,-261.746926,0.6547611032,18.70857283,-8.041689285,1.009922039,1.872002697,596.4347456,18.72002697,0.06369920452,-54.87965002,0.01233420721
69006900,-81.8558409,41.39735535,239.6,18.66404443,1747595406871,-1.945459485,-7.333221912,9.01834774,0.02494769543,0.07462541759,-0.07698078454,-0.6339899547,-0.3365656603,678006.2476,-4738012.516,238.8,153.0064094,-259.8958985,-0.1918408321,18.51027493,-8.393666963,1.730436395,1.851126903,598.2858725,18.51126903,-0.1527754004,-51.67349009,0.03206159931
69007000,-81.85584202,41.39737218,239.7,18.45826665,1747595406987,-2.64135623,-8.753463745,9.574050903,0.1352139115,0.4595123827,1.07036674,-0.6492269106,-0.3228656972,678006.1403,-4738010.669,238.9,152.8990897,-258.0493188,-1.073196542,18.4657969,-8.361678495,1.037899532,1.849695667,600.1355682,18.49695667,0.03869002169,-52.1376766,-0.004641865085
69007100,-81.8558442,41.39738865,239.7,18.77722221,1747595407094,0.07162570953,-7.551394463,7.318717957,-0.1572596431,-0.4136335254,0.07732099295,-0.6546983969,-0.3487013561,678005.9649,-4738008.827,238.9,152.7236527,-256.2075576,-1.754370511,18.41761237,-8.263568102,0.3490764661,1.850098001,601.9856662,18.50098001,-0.2762421967,-52.7606211,-0.006229444971
69007200,-81.85584797,41.39740508,239.75,18.75149998,1747595407176,-0.4722924232,-7.64866662,7.555717945,-0.1095636711,-0.3974891454,-0.3414702415,-0.6525268774,-0.348387475,678005.6943,-4738006.993,238.95,152.4531293,-254.3728387,-2.705233766,18.34718881,-8.151547109,-0.1660534919,1.854555545,603.8402217,18.54555545,-0.2059445317,-53.71142259,-0.009508014957
69007300,-81.85585173,41.39742152,239.8,18.72577776,1747595407257,-1.016210556,-7.745938778,7.792717934,-0.06186769903,-0.3813447654,-0.760261476,-0.650355358,-0.3480735939,678005.3396,-4738005.181,239,152.0983628,-252.5614708,-3.54766525,18.11367914,-7.933585617,-0.8288741274,1.845782492,605.6860042,18.45782492,-0.2679528426,-54.14555983,-0.004341372364
69007400,-81.85585712,41.39743785,239.8,18.32965554,1747595407368,3.326642036,-4.719000816,10.42046165,-0.1762951314,0.1845016032,2.85704875,-0.6597297062,-0.3194768379,678004.8608,-4738003.242,239,151.6195948,-250.6222286,-4.787679904,19.39242261,-7.918425295,-1.351201396,1.997468231,607.6834725,19.97468231,1.64502677,-63.28283654,-0.09137276716
69007500,-81.85586328,41.39745363,239.8,18.67433332,1747595407518,-4.29059124,-9.162313461,11.47994518,0.05379870534,0.003488349961,0.3063226938,-0.6820437254,-0.3092123066,678004.3136,-4738001.319,239,151.0724313,-248.6996656,-5.47163418,19.22562998,-7.81811084,-1.644704575,1.998908774,609.6823812,19.98908774,1.314754422,-63.70985367,-0.004270171264
69007600,-81.8558729,41.39747585,240.2,18.44283332,1747595407598,-6.889138699,-9.33164978,10.01821709,0.167547822,0.1672385186,0.6670751572,-0.6806921958,-0.3033818612,678003.6781,-4737999.417,239.4,150.4368543,-246.7971177,-6.355770191,19.02547881,-7.762500257,-1.948615999,2.005902936,611.6882842,20.05902936,1.616196038,-64.09201709,-0.00382163416
69007700,-81.85588077,41.39749153,240.2,18.83895554,1747595407714,-1.268731594,-6.653893948,8.923771858,0.120621115,0.2528820932,1.972888112,-0.6766435406,-0.3252153497,678002.981,-4737997.532,239.4,149.7398326,-244.912361,-6.970216912,18.84756669,-7.69986394,-2.341494385,2.009514106,613.6977983,20.09514106,1.256185518,-63.89949338,0.001925237026
69007800,-81.85588983,41.39750707,240.2,18.74892776,1747595407790,-1.827355742,-6.549745321,8.413756609,0.1131170094,0.2115717456,1.581528902,-0.6771309582,-0.3283336974,678002.2159,-4737995.671,239.4,148.9746935,-243.0516966,-7.651390884,18.60664402,-7.660190782,-2.864415396,2.0118424,615.7096407,20.118424,1.369496237,-62.95683555,0.009426578304
69007900,-81.8558989,41.3975226,240.2,18.65889998,1747595407866,-2.385979891,-6.445596695,7.90374136,0.1056129038,0.170261398,1.190169692,-0.6776183758,-0.3314520451,678001.4241,-4737993.984,239.4,148.1828636,-241.3644965,-7.91829987,16.87200069,-7.367872799,-3.447786715,1.863770051,617.5734107,18.63770051,-0.02119947515,-53.96058102,0.08996254529
69008000,-81.85590915,41.3975373,240.2,18.66918887,1747595408000,-0.9382562637,-9.933412552,9.113557816,-0.1268084645,-0.3187448382,-0.1976771355,-0.693740058,-0.3243102051,678000.5543,-4737992.337,239.4,147.3130461,-239.717512,-8.698174554,16.46984516,-7.072778151,-4.389200867,1.862562858,619.4359736,18.62562858,-0.04356029078,-52.78955121,0.01171029817
69008100,-81.85592037,41.39755172,240.3,18.50456665,1747595408098,-4.246953964,-9.649028778,11.65555573,-0.3117342591,-0.5323415995,0.425308764,-0.7138515257,-0.3239596947,677999.6265,-4737990.727,239.5,146.3852594,-238.1074072,-9.277867506,16.10104813,-6.832694218,-5.249863174,1.858285706,621.2942593,18.58285706,0.07829040687,-51.07776265,0.0171178856
69008200,-81.85593291,41.39756559,240.3,18.57658887,1747595408179,-3.220388293,-9.531022072,11.23130465,-0.1782513261,-0.3861551434,0.4924224317,-0.7162154408,-0.3251140285,677998.6214,-4737989.172,239.5,145.3801802,-236.551788,-10.05079144,15.5561922,-6.40123844,-6.098263358,1.85206243,623.1463217,18.5206243,-0.05596457341,-49.87705801,0.01200704638
69008300,-81.85594545,41.39757947,240.3,18.6486111,1747595408260,-2.193822622,-9.413015366,10.80705357,-0.04476839304,-0.2399686873,0.5595360994,-0.7185793558,-0.3262683623,677997.5248,-4737987.657,239.5,144.2836291,-235.0373109,-10.96551077,15.14477042,-6.172006682,-6.891544624,1.869776718,625.0160984,18.69776718,0.04915608404,-48.87822303,0.009988349829
69008400,-81.85595915,41.39759255,240.3,18.80808887,1747595408369,-3.065750837,-8.680965424,9.159684181,-0.2001262158,-0.3996426463,0.2474869043,-0.7291348263,-0.3232625409,677996.3529,-4737986.177,239.5,143.1117319,-233.557675,-11.71897259,14.79635913,-5.797043115,-7.819018487,1.887502483,626.9036009,18.87502483,0.06693595241,-47.94742681,0.009307962134
69008500,-81.85597488,41.3976054,240.3,18.49170554,1747595408463,-2.434813023,-9.448510647,8.766332626,0.1161678359,0.002718016505,0.2400833517,-0.7263253786,-0.3218795113,677995.1239,-4737984.763,239.5,141.8826994,-232.1434589,-12.29032464,14.14216139,-6.054805005,-7.269525516,1.87364033,628.7772413,18.7364033,0.24469776,-47.5228951,0.004245317143
69008600,-81.85599062,41.39761825,240.3,18.17532221,1747595408556,-1.803875208,-10.21605587,8.372981071,0.4324618876,0.4050786793,0.2326797992,-0.7235159309,-0.3204964816,677993.8297,-4737983.432,239.5,140.5884689,-230.8120831,-12.94230544,13.31375803,-5.965179127,-7.379896658,1.856769837,630.6340111,18.56769837,0.392376167,-46.22809835,0.01294796744
69008700,-81.85600658,41.39762918,240.3,17.61972221,1747595408675,-4.420701027,-8.647197723,7.800255775,-0.05311339349,0.1959785968,0.6768996119,-0.7432916631,-0.3108719075,677992.4741,-4737982.187,239.5,139.2329327,-229.5668835,-13.55536201,12.45199613,-6.04886994,-7.337051978,1.840652186,632.4746633,18.40652186,0.7867996496,-45.04316481,0.01184933543
69008800,-81.85602303,41.39763933,240.4,18.00555554,1747595408784,-2.584473133,-10.49201107,9.476662636,-0.02926989459,0.06617799401,1.727911949,-0.7557833202,-0.3282471282,677991.0912,-4737981.022,239.6,137.8500105,-228.402671,-13.82922175,11.64212526,-5.936267256,-7.102811647,1.807723581,634.2823869,18.07723581,0.07168027392,-44.50146729,0.00541697517
69008900,-81.85604041,41.39764854,240.4,18.05185554,1747595408890,-2.362025023,-7.966865301,8.901368618,0.005696105771,-0.02550140023,1.252619058,-0.7421061813,-0.338536184,677989.6638,-4737979.961,239.6,136.4226035,-227.3414992,-14.27407006,10.61171749,-5.980457607,-6.670729627,1.778644495,636.0610314,17.78644495,-0.2654105886,-44.64250929,-0.001410419938
69009000,-81.85605778,41.39765775,240.4,18.09815554,1747595408996,-2.139576912,-5.441719532,8.3260746,0.04066210613,-0.1171807945,0.7773261666,-0.7284290425,-0.3488252398,677988.1816,-4737978.975,239.6,134.9404245,-226.3555695,-14.82178954,9.859297425,-5.488301451,-7.461272509,1.780143788,637.8411751,17.80143788,-0.2967176555,-43.12285547,0.01519653814
69009100,-81.85607618,41.39766597,240.4,17.73804443,1747595409078,-4.095515251,-5.641112328,10.20466328,0.118963927,-0.3100735247,-1.207408428,-0.7229670255,-0.3584019572,677986.6489,-4737978.062,239.6,133.4076441,-225.4422872,-15.32780449,9.132822882,-5.29580712,-7.443715398,1.784236655,639.6254118,17.84236655,0.1043221231,-44.0274118,-0.009045563278
69009200,-81.85609543,41.39767352,240.4,18.24219998,1747595409195,-2.1254251,-4.211892128,8.887854576,0.09547840804,0.4922818542,1.081073284,-0.7151974998,-0.3422902225,677985.0617,-4737977.217,239.6,131.8205087,-224.5972045,-15.87135351,8.45082636,-5.043666732,-7.349726037,1.79809991,641.4235117,17.9809991,-0.2612008883,-45.9921504,-0.01964738604
69009300,-81.85611492,41.3976804,240.5,18.13416665,1747595409282,-11.01685333,-9.518767357,10.88222694,-0.1222373247,-0.1851321459,1.504387379,-0.7199259213,-0.3465099095,677983.4202,-4737976.44,239.7,130.1790185,-223.8203216,-16.41490254,7.768829847,-4.70919432,-7.234156821,1.816049951,643.2395617,18.16049951,0.02633286133,-48.6239368,-0.02631786397
69009400,-81.85613555,41.39768654,240.5,18.48141665,1747595409374,-7.442747116,-6.522580504,9.831632614,-0.1206632443,-0.1961254328,0.9372353703,-0.7102166763,-0.3601672089,677981.7042,-4737975.718,239.7,128.4630161,-223.0982948,-17.16002345,7.22026743,-4.63273829,-7.071695914,1.861716054,645.1012777,18.61716054,0.135743891,-52.66986853,-0.04045931727
69009500,-81.85615618,41.39769268,240.5,18.82866665,1747595409465,-3.8686409,-3.526393652,8.781038284,-0.1190891638,-0.2071187198,0.3700833619,-0.7005074313,-0.3738245083,677979.9449,-4737975.055,239.7,126.7036411,-222.4355721,-17.59375055,6.627226993,-4.743305052,-6.83987896,1.880053712,646.9813314,18.80053712,-0.02812952967,-55.36646202,-0.02696593492
69009600,-81.85617905,41.39769843,240.5,18.90583332,1747595409574,-2.655662775,-2.85346508,7.010965347,-0.1417700797,-0.5659544468,-0.8037573099,-0.6864729934,-0.4145761959,677978.1418,-4737974.45,239.7,124.9006153,-221.8306709,-18.03025795,6.049012551,-4.622495072,-6.715513,1.901790616,648.883122,19.01790616,0.11207284,-58.41262567,-0.03046163646
69009700,-81.8562009,41.39770332,240.5,19.22478887,1747595409716,-0.9408125877,-6.091096878,8.579349518,-0.07151645422,0.1043039262,-0.1215353608,-0.6842799471,-0.3899755612,677976.2985,-4737973.905,239.7,123.0572751,-221.2850736,-18.43340173,5.455972115,-4.443366008,-6.717712191,1.922388959,650.805511,19.22388959,-0.0008992787856,-60.77916397,-0.02366538306
69009800,-81.856223,41.3977076,240.5,19.34825554,1747595409799,-5.94342804,-5.082733154,11.31875706,0.1257753074,0.4786158204,-0.1961629838,-0.679590421,-0.3713149081,677974.4148,-4737973.419,239.7,121.1736206,-220.7987805,-18.83654551,4.862931659,-4.341251942,-6.679314312,1.945413969,652.750925,19.45413969,0.1058841511,-63.54145526,-0.02762291282
69009900,-81.85624605,41.39771108,240.5,19.59261665,1747595409897,-3.462946951,-4.289274216,10.15831661,0.02879527584,-0.1290484667,-0.4156539068,-0.6708437494,-0.3991665795,677972.5151,-4737973.003,239.7,119.2738403,-220.3829109,-18.99780302,4.158696141,-3.828159445,-6.474281353,1.94476547,654.6956904,19.4476547,-0.144961954,-67.13590248,-0.03594447224
69010000,-81.8562691,41.39771455,240.5,19.83697776,1747595409995,-0.9824658632,-3.495815277,8.997876167,-0.06818475574,-0.7367127538,-0.6351448298,-0.6620970779,-0.427018251,677970.5847,-4737972.653,239.7,117.3434766,-220.0333876,-19.30363623,3.495232118,-2.890091579,-6.173374871,1.961751817,656.6574423,19.61751817,-0.2194595871,-74.10466553,-0.06968763046
69010100,-81.85629293,41.39771713,240.5,20.06847776,1747595410077,4.977437973,-1.721025825,5.078872681,-0.2417607009,-0.5128826499,-0.1003457606,-0.6524504418,-0.432254152,677968.626,-4737972.369,239.7,115.3847539,-219.7487282,-19.58722703,2.846594155,-2.00786606,-5.6047496,1.979299272,658.6367415,19.79299272,-0.2754850374,-85.24801941,-0.1114335389
69010200,-81.85631662,41.39771903,240.6,20.16107776,1747595410195,5.879840851,-2.119151831,5.741758347,-0.6740712523,-0.2586319149,1.2587713,-0.6013515729,-0.3959206426,677966.6589,-4737972.142,239.8,113.4176903,-219.5220756,-19.67063608,2.266526464,-1.04176795,-4.805046484,1.980078448,660.61682,19.80078448,-0.3602932785,-101.7536096,-0.1650559024
69010300,-81.85634042,41.3977204,240.6,19.78038887,1747595410310,7.600502014,1.663975954,9.286212921,-0.1647261828,-0.2408585846,0.1514549851,-0.5450522962,-0.3429985966,677964.6576,-4737971.983,239.8,111.416429,-219.3630666,-20.01261322,1.590089686,-0.1114074872,-3.807792453,2.007568363,662.6243883,20.07568363,0.2952947549,-134.6601741,-0.3290656446
69010400,-81.85636397,41.39772127,240.6,19.67749998,1747595410398,4.518561363,1.812666893,9.100614548,-0.00545846764,-0.2829122841,0.4407390654,-0.5137936259,-0.3272847582,677962.6352,-4737971.872,239.8,109.3940374,-219.2518715,-20.22391617,1.111950837,0.9340960085,-2.707061702,2.025446172,664.6498345,20.25446172,0.5769617416,-196.8062887,-0.6214611455
69010500,-81.85638907,41.3977217,240.5,19.30452776,1747595410482,4.967548132,3.467819452,9.40122366,0.1425081673,-0.00632275641,0.09677309543,-0.4689839625,-0.2723424264,677960.6362,-4737971.783,239.7,107.3950003,-219.1632861,-19.99037081,0.8858541679,1.639105684,-1.484000614,2.000998907,666.6508334,20.00998907,0.7054613082,-360.8943172,-1.640880286
69010600,-81.85641417,41.39772213,240.4,18.93155554,1747595410566,5.416534901,5.122972012,9.701832771,0.2904748023,0.2702667713,-0.2471928746,-0.4241742992,-0.2174000946,677958.665,-4737971.701,239.6,105.4237662,-219.0813724,-19.71234061,0.8191371057,2.219506207,-0.184167988,1.97293527,668.6237687,19.7293527,0.7977971627,-5379.190377,-50.1829606
69010700,-81.85643645,41.39772302,240.4,18.77207776,1747595410682,3.839297771,6.536005974,9.280780792,0.006432147697,0.1929522604,-0.5351291299,-0.3612344563,-0.1808873001,677956.7235,-4737971.598,239.6,103.4822814,-218.977961,-19.41484831,1.034114286,2.655024735,1.144714424,1.944236938,670.5680056,19.44236938,0.6702916204,373.188275,57.52378652
69010800,-81.85645858,41.39772408,240.4,18.32965554,1747595410766,3.813672066,4.997846603,9.777824402,-0.1471197009,0.01266011037,-0.08589884639,-0.3366006877,-0.1611340803,677954.8479,-4737971.451,239.6,101.6066897,-218.8315541,-18.75591675,1.464068601,3.106153486,2.319938754,1.881297186,672.4493028,18.81297186,0.4833163165,175.2036852,-1.979845898
69010900,-81.85648035,41.39772592,240.4,17.96439998,1747595410892,3.946353436,3.713059664,9.173441887,0.2319139838,0.1795850396,-0.3262150288,-0.2944178649,-0.118956946,677953.0527,-4737971.246,239.6,99.81144878,-218.6258432,-17.9524095,2.057109056,3.329241129,3.395927174,1.806988391,674.2562912,18.06988391,0.1054839252,109.6743721,-0.6552931305
69011000,-81.8565015,41.39772828,240.4,17.81006665,1747595411001,5.45569849,5.920332432,10.83952236,-0.1109021604,-0.2950895131,-0.6236001253,-0.2474733262,-0.09423909703,677951.2908,-4737970.991,239.6,98.04957146,-218.3708358,-17.61877327,2.550073918,3.687172055,4.166719823,1.780236075,676.0365273,17.80236075,-0.007705897681,85.7751953,-0.2389917682
69011100,-81.85652178,41.39773138,240.45,17.48853887,1747595411083,3.544857264,4.121629238,10.02433491,0.03186522424,-0.05174978077,-0.7069265544,-0.2261149478,-0.0789364836,677949.5684,-4737970.675,239.65,96.32717442,-218.0554124,-17.22397039,3.154233871,4.096100935,4.679777832,1.751040683,677.787568,17.51040683,0.02186795903,72.18175006,-0.1359344524
69011200,-81.85654207,41.39773448,240.5,17.1670111,1747595411165,1.634016037,2.322926044,9.209147453,0.1746326089,0.1915899515,-0.7902529836,-0.2047565694,-0.06363387017,677947.8819,-4737970.306,239.7,94.64064327,-217.6866154,-16.86531145,3.687970284,4.366637308,4.895873373,1.726383083,679.513951,17.26383083,0.09681973497,65.4904146,-0.06691335467
69011300,-81.85656183,41.39773827,240.5,16.96637776,1747595411260,6.560967922,0.3869307041,8.440678596,-0.1332618147,0.1853726357,0.9094367623,-0.1938112142,-0.04023170995,677946.2315,-4737969.892,239.7,92.99025605,-217.272599,-16.5038722,4.140163604,4.54287155,4.724579399,1.701525058,681.2154761,17.01525058,0.04887281436,63.85385721,-0.01636557382
69011400,-81.85658145,41.3977425,240.5,16.84805554,1747595411372,6.795198917,1.123362064,10.43229771,-0.1216692403,0.2411541045,0.8341242671,-0.1771081284,-0.003933930551,677944.5891,-4737969.441,239.7,91.34793171,-216.8207764,-16.42324344,4.518226897,4.374890052,4.174619913,1.703341714,682.9188178,17.03341714,0.185361598,70.19615583,0.06342298612
69011500,-81.85660043,41.3977469,240.5,16.35418887,1747595411483,4.879702568,-0.2893806696,9.722801208,0.01160713099,-0.1595305502,-0.8403964043,-0.1722746087,0.01758405506,677942.9549,-4737968.951,239.7,89.71367024,-216.3311473,-16.34261469,4.8962902,3.920898288,3.230812723,1.706032569,684.6248504,17.06032569,0.7061368124,86.53699557,0.1634083974
69011600,-81.85662023,41.3977517,240.5,15.96578332,1747595411569,3.548960924,-2.464087546,9.372592926,-0.03092276026,-0.1278346628,-0.2120320797,-0.1828988527,0.03376858851,677941.3557,-4737968.441,239.7,88.11444057,-215.8215032,-15.99229664,5.09644133,3.53364649,2.06888044,1.678473313,686.3033237,16.78473313,0.8189498089,115.9729257,0.2943593014
69011700,-81.85664003,41.3977565,240.5,15.57737776,1747595411654,2.21821928,-4.638794422,9.022384644,-0.0734526515,-0.09613877535,0.4163322449,-0.1935230967,0.04995312196,677939.8024,-4737967.93,239.7,86.56122491,-215.3098205,-15.53215668,5.116827106,3.065130625,0.6632567921,1.635328134,687.9386518,16.35328134,0.7759035797,210.4607789,0.9448785317
69011800,-81.8566577,41.39776118,240.5,15.44362221,1747595411791,0.9276252389,-4.870742798,10.17437553,-0.07954391092,0.08997361362,0.7212592959,-0.2185005772,0.07423196941,677938.2847,-4737967.42,239.7,85.04345809,-214.7998057,-15.17766818,5.100147836,2.553869552,-0.5736658112,1.601165574,689.5398174,16.01165574,0.5680335274,1186.753667,9.762928882
69011900,-81.85667456,41.39776551,240.5,15.11952221,1747595411881,1.590565234,-5.29967165,9.437451839,-0.1192820556,-0.01896250993,0.6888291538,-0.2403378817,0.07183564116,677936.8211,-4737966.929,239.7,83.57990716,-214.3090647,-14.63550931,4.907409698,2.207163447,-1.959805784,1.54363468,691.0834521,15.4363468,0.3168245939,-256.4763257,-14.43229993
69012000,-81.85669142,41.39776983,240.5,14.79542221,1747595411971,2.25350523,-5.728600502,8.700528145,-0.1590202004,-0.1278986335,0.6563990116,-0.2621751861,0.06943931291,677935.4107,-4737966.469,239.7,82.16945999,-213.8494584,-14.10447164,4.596063467,2.129716722,-3.038677976,1.483441673,692.5668938,14.83441673,0.03899451742,-122.4815124,1.339948132
69012100,-81.85670797,41.39777377,240.5,14.26554443,1747595412086,-3.271896839,-8.953032494,9.719255447,0.0794121474,-0.04909300804,-0.5447271466,-0.2949427975,0.05786996228,677934.015,-4737966.053,239.7,80.77374843,-213.4332181,-13.95711564,4.162402628,1.779920386,-4.120082592,1.456456908,694.0233507,14.56456908,0.2990246526,-76.41103357,0.4607047888
69012200,-81.85672458,41.39777717,240.5,14.53305554,1747595412198,-2.88249588,-7.486534119,10.02128887,-0.1225298122,-0.08182593435,1.677137136,-0.3190128073,0.05020638112,677932.6213,-4737965.696,239.7,79.38012209,-213.0760966,-13.93626338,3.571215449,1.490201837,-4.992237595,1.43865568,695.4620063,14.3865568,-0.1464987389,-57.36211859,0.1904891498
69012300,-81.85674137,41.3977799,240.5,13.93115554,1747595412288,-5.219540596,-6.260904312,9.597757339,0.1017633528,-0.2108218372,-0.5430078506,-0.334460755,0.03699631193,677931.2298,-4737965.398,239.7,77.98858098,-212.7780938,-13.91541111,2.980028242,1.157510857,-5.880671407,1.423092529,696.8850989,14.23092529,0.2997697507,-45.47143982,0.1189067877
69012400,-81.8567581,41.39778157,240.5,13.90800554,1747595412382,-5.823937893,-6.682839632,9.924830914,0.09408523142,-0.08956290781,0.4579817653,-0.3457276728,0.01716854962,677929.8227,-4737965.183,239.7,76.58147018,-212.5631166,-14.07110802,2.14977162,1.029829648,-6.421949262,1.423438087,698.308537,14.23438087,0.3263753304,-40.46320728,0.05008232541
69012500,-81.85677483,41.39778323,240.5,13.88485554,1747595412476,-6.42833519,-7.104774952,10.25190449,0.0864071101,0.03169602156,1.458971381,-0.3569945905,-0.002659212689,677928.407,-4737965.044,239.7,75.16574044,-212.4244934,-14.15729738,1.386232041,0.5046988756,-7.064995389,1.422500293,699.7310373,14.22500293,0.3401473867,-35.83913571,0.04624071569
69012600,-81.85679232,41.39778343,240.5,14.47646665,1747595412580,-0.6724205017,-5.302488804,8.153165817,-0.1200926229,-0.07417488843,0.834721148,-0.3694312767,-0.02953927066,677926.9887,-4737964.98,239.7,73.74750843,-212.3603709,-14.18232009,0.6412249804,-0.08181395219,-7.50091839,1.419680854,701.1507181,14.19680854,-0.2796581153,-33.24080959,0.02598326114
69012700,-81.85680945,41.3977834,240.5,13.91057777,1747595412668,-5.038402557,-5.631554127,9.864286423,-0.1193370968,-0.287683934,-0.01442143228,-0.3799357501,-0.03955191715,677925.5685,-4737964.979,239.7,72.32733021,-212.3596296,-14.20178221,0.007413011044,-0.4884887752,-7.780311655,1.420178414,702.5708965,14.20178414,0.291206375,-32.05251262,0.01188296968
69012800,-81.85682638,41.39778278,240.5,14.44045554,1747595412792,-5.003448486,-6.559313297,9.629758835,-0.0877911225,-0.1655329168,0.7811778188,-0.3910888813,-0.06125197511,677924.1409,-4737965.065,239.7,70.89964518,-212.4452498,-14.27685036,-0.8562021516,-0.7391703956,-7.861651149,1.430250112,704.0011466,14.30250112,-0.1379544185,-32.43235738,-0.003798447525
69012900,-81.85684323,41.3977816,240.5,14.17808888,1747595412888,-5.488324642,-5.200154305,9.56254673,0.07238744944,-0.08327917755,-0.3180770576,-0.3944514365,-0.08328188326,677922.7182,-4737965.204,239.7,69.47696468,-212.5846143,-14.22680493,-1.393645043,-1.162427962,-7.815189619,1.429490206,705.4306368,14.29490206,0.1168131826,-32.98264994,-0.005502925593
69013000,-81.85686042,41.39777938,240.5,14.35814443,1747595412979,-4.832681894,-3.820130467,9.613016129,0.08054151759,-0.140577063,-0.4230891913,-0.3867482918,-0.09903417883,677921.2927,-4737965.416,239.7,68.05150389,-212.7962556,-14.25460794,-2.116413098,-1.164863796,-7.454353871,1.441086576,706.8717234,14.41086576,0.05272133165,-35.69398367,-0.02711333738
69013100,-81.8568776,41.39777717,240.5,14.53819999,1747595413069,-4.177039146,-2.44010663,9.663485527,0.08869558573,-0.1978749484,-0.528101325,-0.3790451472,-0.1147864744,677919.8634,-4737965.699,239.7,66.62215067,-213.0794324,-14.29353217,-2.831768123,-0.9848712817,-6.88426247,1.45713408,708.3288575,14.5713408,0.03314081005,-40.09298363,-0.04398999952
69013200,-81.8568949,41.39777388,240.5,15.0372111,1747595413186,-1.929014444,-0.6234493256,10.35735226,0.0006524519995,-0.208813414,0.1170453727,-0.3599536228,-0.1272799398,677918.4279,-4737966.056,239.7,65.18668079,-213.4358127,-14.35469881,-3.563802438,-0.9016849047,-6.206932115,1.479047213,709.8079047,14.79047213,-0.2467389683,-46.73328095,-0.06640297326
69013300,-81.85691207,41.39777005,240.5,14.91888888,1747595413309,-1.067430019,-0.04440808296,9.347951889,0.2688709497,0.01692006737,-0.2135684937,-0.3269525209,-0.1359380981,677916.9919,-4737966.462,239.7,63.75065485,-213.842416,-14.36025942,-4.066033559,-0.8191483865,-5.338902832,1.492480082,711.3003848,14.92480082,0.005911941383,-56.27469278,-0.09541411823
69013400,-81.85692928,41.39776557,240.5,15.24298888,1747595413391,1.209027767,1.211925983,9.339058399,0.06592683494,-0.0725032948,0.1293919161,-0.3057711086,-0.1404671169,677915.5261,-4737966.947,239.7,62.28487968,-214.3272266,-14.65775172,-4.848105656,-0.5899484399,-4.285457555,1.543871154,712.844256,15.43871154,0.1957226639,-76.40052485,-0.2012583208
69013500,-81.8569465,41.3977611,240.5,15.56708888,1747595413473,3.485485554,2.46826005,9.330164909,-0.1370172799,-0.161926657,0.4723523259,-0.2845896964,-0.1449961356,677914.0495,-4737967.471,239.7,60.80826133,-214.8516967,-14.7661835,-5.244701449,-0.5726249467,-3.375916425,1.566994156,714.4112501,15.66994156,0.102852682,-102.360777,-0.2596025213
69013600,-81.85696547,41.39775537,240.4,15.99922221,1747595413597,5.757990837,1.557430506,9.246231079,-0.07192566991,-0.02183898911,-0.111850068,-0.2660134712,-0.1334303017,677912.5616,-4737968.017,239.6,59.32038275,-215.3969233,-14.87878572,-5.452265609,-0.4377862147,-2.360105662,1.584630761,715.9958809,15.84630761,-0.1529145974,-151.6531147,-0.4929233767
69013700,-81.85698342,41.3977503,240.4,16.0558111,1747595413704,6.148582458,2.741518497,8.797527313,-0.01384423487,0.08111851662,0.04025132954,-0.2382548619,-0.1032446679,677911.0633,-4737968.568,239.6,57.82207805,-215.9486362,-14.98304705,-5.517129404,-0.2481867087,-1.151530087,1.596654051,717.5925349,15.96654051,-0.08927059204,-319.8345178,-1.681814032
69013800,-81.85700126,41.39774553,240.4,15.92205554,1747595413786,4.733365297,3.332075477,9.302083492,0.00007467763498,-0.03528640047,-0.6444014534,-0.2117266138,-0.08311974262,677909.5536,-4737969.121,239.6,56.31237411,-216.5009052,-15.09703943,-5.522689158,-0.05750107775,0.02357306957,1.607546873,719.2000818,16.07546873,0.1534131915,7703.399995,80.23234513
69013900,-81.8570191,41.39774077,240.4,15.78829999,1747595413867,3.318148136,3.922632456,9.806639671,0.01399359014,-0.1516913176,-1.329054236,-0.1851983656,-0.06299481735,677908.065,-4737969.639,239.6,54.82380046,-217.0194449,-14.88573648,-5.185397398,0.04307695453,1.013060271,1.576304212,720.776386,15.76304212,-0.02525786866,328.7052971,-73.74694698
69014000,-81.857037,41.39773627,240.4,15.48992221,1747595413983,6.891254902,4.420373917,9.278992653,-0.03652827442,0.06245377287,-0.09739134461,-0.1519816221,-0.02499354123,677906.5856,-4737970.129,239.6,53.34440181,-217.5090739,-14.79398652,-4.896290181,0.3705236271,2.300315733,1.558318628,722.3347046,15.58318628,0.09326406832,146.3190677,-1.823862294
69014100,-81.8570547,41.39773205,240.3,15.55165554,1747595414167,5.117965698,4.474515915,9.367220879,-0.01923802495,0.1617192924,0.3058084249,-0.1043804564,0.0241616819,677905.1208,-4737970.583,239.5,51.87959974,-217.9631205,-14.64802067,-4.540465921,0.6434322119,3.410915551,1.533559064,723.8682637,15.33559064,-0.2160649024,95.38382714,-0.5093524061
69014200,-81.8570721,41.39772828,240.3,14.74912221,1747595414189,2.762751818,4.72055006,10.07027149,-0.03826117143,-0.1442438513,-1.174824476,-0.09264861683,0.02875294969,677903.6707,-4737970.984,239.5,50.42953327,-218.3643494,-14.50066467,-4.012289271,0.8781536802,4.252342586,1.504552229,725.3728159,15.04552229,0.2964000793,72.76983764,-0.2261398949
69014300,-81.85708907,41.39772512,240.3,14.79027777,1747595414297,5.979476452,5.007997513,8.90875721,0.06934282929,0.1523210257,0.08347474039,-0.06518830166,0.05782112986,677902.2364,-4737971.338,239.5,48.99517551,-218.7186911,-14.3435776,-3.543416671,1.123391035,5.072147322,1.477477649,726.8502936,14.77477649,-0.01550127902,58.1717555,-0.1459808214
69014400,-81.85710603,41.39772272,240.3,14.54077221,1747595414385,4.526521444,5.551394939,9.3050313,0.01505655237,-0.06561500579,-0.3303131238,-0.03854434443,0.06836168864,677900.8048,-4737971.645,239.5,47.56359805,-219.0252189,-14.31577459,-3.065277813,1.37578137,5.92744799,1.4640264,728.31432,14.640264,0.09949179216,48.23322191,-0.09938533597
69014500,-81.85712298,41.39772033,240.3,14.29126665,1747595414473,3.073566437,6.094792366,9.701305389,-0.03922972456,-0.2835510373,-0.7441009879,-0.01190038719,0.07890224742,677899.3907,-4737971.888,239.5,46.1495365,-219.2683655,-14.14061557,-2.431465834,1.343020345,6.079046246,1.434813698,729.7491337,14.34813698,0.05687032393,44.20241054,-0.0403081137
69014600,-81.85714052,41.39771827,240.3,13.78196665,1747595414594,2.800753355,6.817459583,9.530690193,-0.07647445798,-0.1943459362,-0.7967184186,0.02696941652,0.09891165442,677897.986,-4737972.061,239.5,44.74478895,-219.4416445,-14.04747545,-1.732790051,1.405915699,6.38924625,1.41539439,731.1645281,14.1539439,0.3719772462,40.14261646,-0.04059794079
69014700,-81.85715687,41.39771735,240.3,13.91572221,1747595414701,3.43132925,7.688127995,8.793271065,-0.003099753521,-0.003089905484,-0.2565663457,0.05813878912,0.1015836135,677896.5904,-4737972.182,239.5,43.3492164,-219.5622911,-13.95572549,-1.206466658,1.379775955,6.627176093,1.400777769,732.5653058,14.00777769,0.09205547603,37.37870947,-0.02763906987
69014800,-81.85717328,41.39771733,240.25,13.83083888,1747595414785,3.216377497,6.792410612,8.923538685,0.03647857951,0.09129739518,-0.1752853133,0.08143406692,0.1103059231,677895.2075,-4737972.229,239.45,41.96629423,-219.6089931,-13.82922175,-0.4670193512,1.260661056,6.699494709,1.383710524,733.9490164,13.83710524,0.006266359156,35.50979533,-0.0186891414
69014900,-81.85718968,41.3977173,240.2,13.74595554,1747595414868,3.001425743,5.89669323,9.053806305,0.07605691254,0.1856846958,-0.09400428087,0.1047293447,0.1190282326,677893.8488,-4737972.196,239.4,40.60756068,-219.5763759,-13.58733549,0.3261722438,1.19236688,6.697113781,1.35912499,735.3081413,13.5912499,-0.1547056406,33.85047354,-0.01659321793
69015000,-81.85720588,41.39771823,240.2,13.43214443,1747595414970,4.296877861,7.729722023,7.713628292,0.1424177289,0.2583179474,-0.3745322526,0.1444624087,0.1294451675,677892.5,-4737972.096,239.4,39.25883622,-219.4763003,-13.48724461,1.000755755,1.384938461,7.050334156,1.352432177,736.6605735,13.52432177,0.09217733671,31.58045529,-0.02270018246
69015100,-81.85722197,41.39771973,240.2,13.68936665,1747595415088,5.082571983,8.229353905,8.477814674,-0.116691947,0.1196820885,-0.2866778672,0.1757691008,0.1294585548,677891.1634,-4737971.932,239.4,37.92220607,-219.3126582,-13.36630148,1.636420982,1.503676169,7.169780731,1.346610147,738.0071837,13.46610147,-0.2232651806,30.58704747,-0.009934078244
69015200,-81.85723772,41.39772185,240.2,13.3704111,1747595415220,5.19672823,9.310031891,9.325530052,0.1462361664,-0.07800964266,-1.721445799,0.2113081191,0.1392444247,677889.8444,-4737971.683,239.4,36.60323084,-219.0633959,-13.18975231,2.492623124,1.73658894,7.306408792,1.342321631,739.3495053,13.42321631,0.05280520711,29.56485763,-0.01022189842
69015300,-81.8572534,41.39772468,240.2,13.61219999,1747595415307,6.946955681,9.920431137,8.937159538,-0.06577138603,0.123058714,0.5186001658,0.2432061378,0.1525422464,677888.5396,-4737971.37,239.4,35.29843515,-218.7498257,-13.04795691,3.135701362,2.000199554,7.485814912,1.341945612,740.6914509,13.41945612,-0.1927438655,28.61627955,-0.009485780803
69015400,-81.85726875,41.39772851,240.15,13.60705554,1747595415403,6.642159462,10.1389451,9.722785473,0.03457380086,0.01939485967,-0.5856682956,0.2689838058,0.1626373933,677887.254,-4737971.006,239.35,34.01282354,-218.3858472,-12.85611608,3.639785741,2.345755911,7.518960187,1.33614281,742.0275937,13.3614281,-0.2456274455,27.8997357,-0.007165438504
69015500,-81.8572841,41.39773233,240.1,13.6019111,1747595415498,6.337363243,10.35745907,10.50841141,0.1349189878,-0.08426899463,-1.689936757,0.2947614738,0.1727325401,677885.9941,-4737970.555,239.3,32.75292972,-217.9356924,-12.59893815,4.501547646,2.626158311,7.425007177,1.337898254,743.365492,13.37898254,-0.2229285613,27.9685737,0.0006883800739
69015600,-81.85729903,41.3977361,240.1,13.36012221,1747595415604,4.232365608,7.581681252,9.459402084,-0.05115670711,-0.2209469378,-0.6359139681,0.3165834522,0.1881746419,677884.7589,-4737970.035,239.3,31.51764158,-217.4152994,-12.35288143,5.203929916,3.012555745,7.400640475,1.340427418,744.7059194,13.40427418,0.04415196712,27.67799639,-0.002905773177
69015700,-81.85731324,41.39774209,240.1,13.46815554,1747595415688,4.203159094,7.810658932,9.089206696,-0.03018144146,-0.1639068313,-0.698820442,0.3302853035,0.1929756402,677883.5578,-4737969.443,239.3,30.31655115,-216.8235562,-12.0109043,5.917431712,3.368069014,7.377727772,1.338946676,746.0448661,13.38946676,-0.07868878478,27.21617464,-0.004618217486
69015800,-81.85732745,41.39774808,240.1,13.57618888,1747595415772,4.173952579,8.039636612,8.719011307,-0.009206175804,-0.1068667248,-0.7617269158,0.3439871548,0.1977766386,677882.4062,-4737968.763,239.3,29.1649501,-216.1432276,-11.51601055,6.803285871,3.779311025,7.21410972,1.337547,747.3824131,13.37547,-0.2007188792,27.06729836,-0.001488762735
69015900,-81.85734075,41.39775512,240.1,13.62763332,1747595415880,4.409945488,9.182537079,8.244001389,-0.2735416591,0.01300360449,-0.09563411027,0.3543235068,0.196853249,677881.2971,-4737967.993,239.3,28.05588766,-215.3730164,-11.09062436,7.702112785,4.069420398,7.05687113,1.350275861,748.7326889,13.50275861,-0.1248747136,27.66037734,0.005930789763
69016000,-81.85735313,41.39776292,240.05,13.61219999,1747595415975,6.007623672,9.914252281,8.510784626,-0.2244784534,-0.1146214893,-1.006445471,0.3734930321,0.194118536,677880.2321,-4737967.163,239.25,26.99089301,-214.5436864,-10.64994651,8.293300001,4.604976168,7.046511334,1.349815489,750.0825044,13.49815489,-0.1140450968,26.74624932,-0.009141280239
69016100,-81.85736552,41.39777073,240,13.59676665,1747595416069,7.605301857,10.64596748,8.777567863,-0.1754152477,-0.2422465831,-1.917256832,0.3926625573,0.1913838229,677879.2204,-4737966.263,239.2,25.97914114,-213.6430062,-10.11751869,9.006801778,4.985229492,6.888485157,1.354572488,751.4370769,13.54572488,-0.0510417704,26.71676883,-0.0002948048813
69016200,-81.85737708,41.39777938,240,13.71508888,1747595416181,2.211140633,8.441720009,9.941235542,-0.1158531755,-0.2435831726,-0.9802277088,0.4322334082,0.1966048219,677878.2611,-4737965.303,239.2,25.01993698,-212.683022,-9.592041625,9.599842224,5.375062542,6.647168675,1.357071233,752.7941481,13.57071233,-0.1443765427,26.69083354,-0.0002593528824
69016300,-81.8573881,41.39778858,240,13.56589999,1747595416268,3.949098587,10.90660191,8.771099091,-0.3499652445,-0.1703848839,-1.921728253,0.4381889776,0.1963786931,677877.3609,-4737964.288,239.2,24.11967522,-211.6679962,-9.002617619,10.1502579,5.768117615,6.459317192,1.356741904,754.15089,13.56741904,0.001519051151,26.36487308,-0.003259604599
69016400,-81.85739825,41.39779828,240,13.9260111,1747595416384,2.034344196,6.269346237,7.376139641,0.5994002819,0.7365674376,-2.614489079,0.4685718248,0.2169938859,677876.5196,-4737963.218,239.2,23.27835586,-210.5979288,-8.413193612,10.70067355,6.016781492,5.993538607,1.361198888,755.5120889,13.61198888,-0.314022219,27.07102882,0.007061557451
69016500,-81.8574071,41.39780857,239.95,14.09320554,1747595416488,2.36798358,6.81913805,7.614981651,0.2906270903,0.3790576728,-2.060437799,0.4881154578,0.2203489671,677875.7391,-4737962.089,239.15,22.49792511,-209.4692987,-7.804307489,11.28630101,6.29373919,5.333226166,1.372180039,756.884269,13.72180039,-0.3714051578,28.27971609,0.01208687261
69016600,-81.85741595,41.39781885,239.9,14.26039999,1747595416591,2.701622963,7.368929863,7.853823662,-0.01814610139,0.02154790796,-1.506386518,0.5076590908,0.2237040482,677875.0254,-4737960.908,239.1,21.7842216,-208.2880363,-7.137035031,11.81262439,6.688171234,5.016095417,1.380128125,758.2643971,13.80128125,-0.4591187412,28.24823604,-0.0003148004093
69016700,-81.85742387,41.39783013,239.9,13.84369999,1747595416683,7.334513664,11.15446663,10.94453335,0.3058535457,-0.1233929098,-2.390231609,0.5164691406,0.2139216178,677874.3815,-4737959.676,239.1,21.14030368,-207.0559948,-6.439179246,12.32041528,6.990055309,4.536255358,1.390164242,759.6545613,13.90164242,0.05794242988,28.75416687,0.005059308222
69016800,-81.85743088,41.3978417,239.9,14.46617777,1747595416766,9.148108482,11.28615952,7.498397827,-0.4141869247,-0.4384974539,-0.8504057527,0.5086568061,0.2034784715,677873.8013,-4737958.404,239.1,20.56005467,-205.783923,-5.802490106,12.72071758,7.282954979,4.006512638,1.398161462,761.0527228,13.98161462,-0.48456315,29.12476955,0.00370602686
69016900,-81.85743685,41.39785368,239.9,14.01346665,1747595416889,0.9106881618,9.15947628,9.988794327,-0.09176902473,-0.6109851599,-1.175990582,0.5361712186,0.21101059,677873.309,-4737957.083,239.1,20.06780221,-204.4631107,-4.92252455,13.20812269,7.735274383,3.722733132,1.409559339,762.4622821,14.09559339,0.0821267337,28.72185097,-0.004029185832
69017000,-81.85744188,41.39786577,239.9,14.47132221,1747595416996,6.955226898,9.632240295,6.276363373,0.5918060541,0.7768771052,-0.05213434622,0.5738681858,0.2407037888,677872.8892,-4737955.736,239.1,19.64797662,-203.115797,-4.1982559,13.47313765,8.042034666,3.412490716,1.41120796,763.8734901,14.1120796,-0.3592426109,28.31221359,-0.004096373752
69017100,-81.85744546,41.39787824,239.9,14.39158332,1747595417081,8.89015007,11.4617939,7.785366535,0.08758142591,-0.0447383225,-1.09553889,0.5785460643,0.2309546328,677872.5511,-4737954.366,239.1,19.30989191,-201.7466148,-3.380847133,13.6918213,8.186730342,2.775066754,1.410305279,765.2837954,14.10305279,-0.288530533,28.5366852,0.002244716006
69017200,-81.85744903,41.39789072,239.9,14.31184443,1747595417165,10.82507324,13.2913475,9.294369698,-0.4166432023,-0.8663537502,-2.138943434,0.5832239427,0.2212054769,677872.2936,-4737952.986,239.1,19.05243595,-200.3663132,-2.574559578,13.80301639,8.34382785,2.207731921,1.4041069,766.6879023,14.041069,-0.2707754341,28.29643719,-0.002402480086
69017300,-81.85745115,41.39790327,239.8,13.84884443,1747595417282,-2.823250532,5.87081337,8.860123634,-0.0755224824,-0.5247153044,-1.466546416,0.596954666,0.2334781242,677872.119,-4737951.594,239,18.87783299,-198.9741507,-1.746029607,13.9216245,8.388118179,1.546644003,1.403068951,768.0909712,14.03068951,0.1818450735,28.55749305,0.002610558639
69017400,-81.85745228,41.39791575,239.8,14.30669999,1747595417412,-2.532446384,7.245981216,8.764359474,0.4123153389,0.5630018115,-1.309542775,0.6138787095,0.2423095094,677872.0423,-4737950.182,239,18.80109666,-197.5617879,-0.7673633331,14.12362888,8.55787656,0.8339873644,1.414445967,769.5054172,14.14445967,-0.1622403177,28.78725466,0.002297616141
69017500,-81.85745235,41.39792837,239.8,13.76653332,1747595417500,-6.50280714,7.243461132,9.192451477,0.217882663,-0.5499353409,-2.944297314,0.6237047531,0.2525122209,677872.0634,-4737948.749,239,18.82222695,-196.1292245,0.2113029477,14.32563328,8.546951673,0.2921460794,1.432719156,770.9381363,14.32719156,0.5606582338,29.73514257,0.009478879055
69017600,-81.85745006,41.39794175,239.8,13.80768888,1747595417595,-2.63587451,7.082803726,8.17115283,0.1957084909,-0.3911652938,-2.857784271,0.6393822616,0.2545691657,677872.1674,-4737947.319,239,18.92621025,-194.6992557,1.039832919,14.29968776,8.510286952,-0.2220993597,1.433744477,772.3718808,14.33744477,0.5297558948,29.91154546,0.001764028943
69017700,-81.85744777,41.39795513,239.8,13.84884443,1747595417690,1.231058121,6.92214632,7.149854183,0.1735343188,-0.2323952466,-2.771271229,0.6550597702,0.2566261105,677872.3559,-4737945.894,239,19.11471472,-193.2744761,1.885044702,14.24779673,8.424342084,-0.7337760865,1.437195551,773.8090764,14.37195551,0.5231110788,30.26139788,0.00349852412
69017800,-81.85744492,41.39796757,239.7,14.2501111,1747595417771,5.547563076,9.688187599,8.118234634,-0.2108261138,-0.3713086247,-2.942525387,0.6551573083,0.2482118281,677872.6298,-4737944.477,238.9,19.38857445,-191.8571094,2.738597392,14.17366667,8.352121495,-1.084906333,1.443581458,775.2526578,14.43581458,0.185703477,30.6926741,0.004312762245
69017900,-81.85744098,41.39797982,239.7,14.10092221,1747595417879,0.06335639954,7.777460098,7.476770401,-0.07860139757,-0.02238883823,1.331843972,0.6624029005,0.2416428793,677872.9723,-4737943.092,238.9,19.73110765,-190.47236,3.425331969,13.84749442,8.127961356,-1.436872635,1.426485194,776.679143,14.26485194,0.1639297311,30.5634705,-0.001292036053
69018000,-81.85743593,41.3979921,239.7,14.2501111,1747595417982,4.237134933,7.652741432,9.228383064,0.02027433924,0.008564176038,-1.338253021,0.6639147758,0.2462434532,677873.3835,-4737941.74,238.9,20.14231431,-189.1202277,4.112066542,13.52132218,7.980030024,-1.686961613,1.413277201,778.0924202,14.13277201,-0.1173390874,30.3820229,-0.001814475961
69018100,-81.85742953,41.39800402,239.7,14.30412777,1747595418074,3.403732181,7.740721226,9.131149769,0.0334585188,-0.1137609994,-0.3917786479,0.6683576379,0.2492503513,677873.8742,-4737940.411,238.9,20.63303759,-187.7907052,4.907232886,13.29522552,7.675678306,-2.013919021,1.417194257,779.5096145,14.17194257,-0.132185195,31.43733626,0.01055313362
69018200,-81.85742312,41.39801593,239.7,14.35814443,1747595418165,2.570329428,7.828701019,9.033916473,0.04664269835,-0.2360861748,0.5546957254,0.6728005,0.2522572494,677874.442,-4737939.103,238.9,21.20077525,-186.4834217,5.677376523,13.07283534,7.49707186,-2.23719371,1.425242534,780.934857,14.25242534,-0.1057190965,32.34394716,0.009066108969
69018300,-81.8574155,41.39802735,239.7,14.3890111,1747595418260,0.4540945292,7.178457737,10.20030499,-0.150812313,-0.2728608847,-1.480281353,0.669892295,0.2475841248,677875.0934,-4737937.814,238.9,21.85219999,-185.1946706,6.514247399,12.8875102,7.252597972,-2.466211719,1.44403372,782.3788907,14.4403372,0.05132609787,34.03701365,0.0169306649
69018400,-81.85740695,41.3980386,239.7,14.46103332,1747595418377,1.813778996,6.762609959,8.901999474,0.02410998754,0.008852200583,-0.04835354164,0.6658397905,0.2534572089,677875.8059,-4737936.536,238.9,22.56465235,-183.9162978,7.124523671,12.78372812,6.832026181,-2.617537347,1.463497667,783.8423884,14.63497667,0.1739433515,36.6566635,0.02619649849
69018500,-81.85739688,41.39805005,239.7,14.56134999,1747595418470,-1.133279264,7.531356096,10.44012976,-0.2145499447,-0.4077145671,-0.4971819166,0.6666775618,0.2335408062,677876.591,-4737935.287,238.9,23.34980962,-182.6668357,7.851572621,12.49462091,6.676660109,-2.61112762,1.475678638,785.318067,14.75678638,0.1954363972,38.35126705,0.01694603556
69018600,-81.85738682,41.3980615,239.7,14.66166665,1747595418562,-4.080337524,8.300102234,11.97826004,-0.453209877,-0.8242813349,-0.9460102916,0.6675153331,0.2136244034,677877.4424,-4737934.06,238.9,24.20113806,-181.4399833,8.513284482,12.26852424,6.60010865,-2.352411534,1.493294008,786.8113611,14.93294008,0.2712734307,40.93028335,0.02579016301
69018700,-81.85737605,41.39807212,239.7,15.06807776,1747595418697,1.75056839,7.036966324,10.03832531,-0.321054101,0.04302345961,0.5601143837,0.663538948,0.1868328195,677878.3607,-4737932.849,238.9,25.11947179,-180.2294395,9.183337243,12.10543812,6.351076667,-2.101571334,1.519458177,788.3308192,15.19458177,0.1265040014,45.34271599,0.0441243264
69018800,-81.85736447,41.39808252,239.7,15.41789999,1747595418795,0.1053079367,5.832446098,8.010719299,0.04175417125,-0.1968467832,-0.5114912987,0.6684014017,0.181238466,677879.3352,-4737931.666,238.9,26.09396761,-179.0463238,9.744958228,11.83115691,6.236138133,-1.826558274,1.532776842,789.8635961,15.32776842,-0.09013156851,48.91840303,0.0357568704
69018900,-81.8573519,41.39809303,239.7,15.74199999,1747595418916,2.002565384,6.041240215,7.714959621,-0.08966692537,0.06589885801,-0.102843523,0.6555478286,0.1714519823,677880.3658,-4737930.51,238.9,27.12462553,-177.8906362,10.30657922,11.55687571,6.209234917,-1.440568235,1.548505574,791.4121016,15.48505574,-0.2569442477,53.38016551,0.04461762471
69019000,-81.85733847,41.39810325,239.7,15.99150554,1747595419004,0.9039222002,5.662892342,8.304207563,-0.07203231379,-0.1515274085,-0.3310015202,0.6542571441,0.1580268984,677881.4577,-4737929.372,238.9,28.2164501,-176.7519986,10.91824564,11.38637657,5.912935989,-1.249935983,1.577522296,792.9896239,15.77522296,-0.2162825855,60.45313629,0.07072970785
69019100,-81.85732503,41.39811347,239.7,16.2410111,1747595419092,-0.1947209835,5.284544468,8.893455505,-0.05439770222,-0.368953675,-0.5591595173,0.6529664596,0.1446018146,677882.6125,-4737928.242,238.9,29.3712485,-175.6224419,11.54798403,11.29556726,5.685113015,-1.194853386,1.61538161,794.6050056,16.1538161,-0.08719499307,67.5010979,0.07047961608
69019200,-81.8573106,41.39812332,239.7,16.69372221,1747595419236,-0.9996063709,3.527282953,9.679034233,-0.04734688625,0.07953052968,0.7669041753,0.6317862832,0.1182312942,677883.8138,-4737927.124,238.9,30.57261696,-174.5045606,12.0136846,11.17881241,5.545811614,-1.095459987,1.641019392,796.2460249,16.41019392,-0.2835282875,73.55056442,0.06049466519
69019300,-81.85729524,41.39813331,239.7,17.06154999,1747595419302,-0.7986075878,5.08421886,9.920893192,-0.009070644155,-0.04973857477,0.0915927887,0.6308458981,0.113309625,677885.0605,-4737926.014,238.9,31.81930434,-173.3937217,12.46687381,11.10838886,5.283355297,-1.016283335,1.669788148,797.9158131,16.69788148,-0.3636685094,81.72324282,0.08172678401
69019400,-81.85727988,41.3981433,239.7,17.42937776,1747595419367,-0.5976088047,6.641154766,10.16275215,0.02920559794,-0.1790076792,-0.5837185979,0.6299055129,0.1083879559,677886.377,-4737924.904,238.9,33.1357773,-172.2843654,13.16472959,11.09356285,5.26922202,-1.001355523,1.721561042,799.6373741,17.21561042,-0.2137673467,89.43418608,0.07710943259
69019500,-81.85726373,41.3981532,239.7,17.40879998,1747595419503,-0.1082105637,6.456010342,8.751676559,-0.1848808825,-0.5729338527,-1.678116798,0.6285644087,0.07473934044,677887.7466,-4737923.788,238.9,34.50535403,-171.1683375,13.69576726,11.16027991,5.230503204,-0.857445331,1.766708489,801.4040826,17.66708489,0.2582849068,98.95619667,0.09522010596
69019600,-81.85724612,41.39816335,239.7,17.7689111,1747595419588,0.3652696609,5.942672014,9.391516209,-0.03615900129,-0.3616290614,-1.718366504,0.6269094166,0.06605366133,677889.1633,-4737922.677,238.9,35.92205687,-170.0569426,14.16702843,11.11394861,5.261273755,-0.8242091763,1.800623637,803.2047063,18.00623637,0.2373252759,104.8755502,0.05919353531
69019700,-81.8572285,41.3981735,239.7,18.12902221,1747595419672,0.8387498856,5.429333687,10.03135586,0.1125628799,-0.1503242701,-1.758616209,0.6252544245,0.05736798221,677890.6411,-4737921.577,238.9,37.39992635,-168.9572232,14.77869486,10.99719378,5.317066118,-0.8051556429,1.842140312,805.0468466,18.42140312,0.2923809103,112.1487179,0.07273167702
69019800,-81.85721032,41.39818328,239.8,18.92126665,1747595419806,-2.501222849,7.00807333,9.093149185,-0.04335162044,-0.2509775162,-0.2101914287,0.631823069,0.05090951704,677892.167,-4737920.487,239,38.92575605,-167.8671407,15.25829694,10.90082471,5.509410476,-0.897285074,1.875216267,806.9220628,18.75216267,-0.1691039799,113.0438669,0.008951490212
69019900,-81.85719129,41.39819275,239.8,19.27880554,1747595419885,-1.552201092,6.575181246,8.815023422,0.02467834204,-0.1122168042,-0.4861243963,0.6308264009,0.03428975372,677893.7295,-4737919.419,239,40.48828573,-166.7996679,15.62529679,10.67472803,5.43238184,-1.108661151,1.892352289,808.8144151,18.92352289,-0.3552826536,113.8413092,0.007974422781
69020000,-81.85717227,41.39820222,239.8,19.63634443,1747595419963,-0.6031793356,6.142289162,8.536897659,0.09270830452,0.02654390782,-0.762057364,0.6298297327,0.01766999041,677895.3496,-4737918.378,239,42.10836766,-165.7585113,16.20081929,10.41156635,5.320833473,-1.462202632,1.92579142,810.7402065,19.2579142,-0.3784302239,114.417085,0.005757757922
69020100,-81.85715245,41.39821135,239.8,19.64148887,1747595420101,0.6252056956,7.242283344,8.146668434,-0.08004829288,-0.2073286772,0.04942968488,0.6341118891,0.01031647166,677897.0178,-4737917.355,239,43.77654881,-164.7355165,16.68181152,10.22994769,5.230980369,-1.98232469,1.95687165,812.6970782,19.5687165,-0.07277237551,109.7961964,-0.04620888612
69020200,-81.85713138,41.39822032,239.8,19.93472221,1747595420193,1.596096128,8.404777765,8.438127518,-0.1276839375,-0.07992297225,-0.2725292295,0.6471128807,0.007780776356,677898.7339,-4737916.354,239,45.49269017,-163.7343901,17.1614136,10.01126404,5.107530055,-2.509395686,1.986805286,814.6838835,19.86805286,-0.06666934289,105.7495346,-0.04046661805
69020300,-81.85711032,41.39822928,239.8,20.22795554,1747595420285,2.566986561,9.567272186,8.729586601,-0.1753195822,0.04748273268,-0.5944881439,0.6601138724,0.005245081049,677900.5226,-4737915.379,239,47.28139741,-162.7590239,17.88707241,9.753662106,4.720460036,-2.953255155,2.037354372,816.7212379,20.37354372,0.1455881824,108.8614983,0.03111963723
69020400,-81.85708842,41.39823777,239.8,20.98933332,1747595420374,-1.168233514,6.029067993,7.982943058,0.006884505972,-0.1876635402,-0.4839756787,0.6540153179,-0.003105651227,677902.3707,-4737914.422,239,49.1294641,-161.8020049,18.48066686,9.570190189,4.459762428,-3.529986505,2.081162146,818.8024,20.81162146,-0.1777118511,106.4856877,-0.02375810628
69020500,-81.85706504,41.39824608,239.85,21.14366665,1747595420475,0.7065777183,5.588659286,9.551911592,0.2009189678,0.1968312934,-0.0589286387,0.6531471475,0.02610879768,677904.2638,-4737913.496,239.05,51.02257167,-160.8764912,18.93107577,9.255137471,4.520776375,-4.020022754,2.107233256,820.9096333,21.07233256,-0.07133408754,101.2418021,-0.05243885562
69020600,-81.85704167,41.39825438,239.9,21.29799998,1747595420576,2.58138895,5.14825058,11.12088013,0.3949534297,0.5813261271,0.3661184013,0.6522789771,0.05532324659,677906.2044,-4737912.617,239.1,52.96322241,-159.9976793,19.4065074,8.78811812,4.431368628,-4.431639651,2.130360415,823.0399937,21.30360415,0.005604163806,98.83550965,-0.02406292461
69020700,-81.8570179,41.39826193,239.9,21.46776665,1747595420711,-1.386966228,10.21781445,9.55373764,-0.2878373563,-0.1522520781,1.382009983,0.6759421785,0.06616218171,677908.1839,-4737911.797,239.1,54.94265837,-159.1776156,19.79435952,8.200637419,4.345069292,-4.860413813,2.142585174,825.1825788,21.42585174,-0.04191490557,95.33194694,-0.03503562713
69020800,-81.85699398,41.3982688,239.9,21.36487776,1747595420794,-1.308251858,7.339842796,7.697070599,-0.223568067,0.1007012725,0.235650897,0.6666088159,0.05652733758,677910.1775,-4737911.032,239.1,56.93627386,-158.4124081,19.93615492,7.652075011,4.378552891,-5.339532909,2.135426245,827.3180051,21.35426245,-0.01061530802,88.88424506,-0.06447701881
69020900,-81.85696976,41.39827464,239.9,21.46004998,1747595420892,0.2532134056,7.761677742,8.490887403,0.05667526275,0.06831155345,-0.509729445,0.6678498598,0.05218988791,677912.2029,-4737910.336,239.1,58.96172381,-157.7163269,20.25449949,6.960812239,4.230798793,-5.659717069,2.141722803,829.4597279,21.41722803,-0.04282195099,87.12313233,-0.01761112733
69021000,-81.85694553,41.39828048,239.9,21.5552222,1747595420990,1.814678669,8.183512688,9.284704208,0.3369185925,0.03592183441,-1.255109787,0.6690909037,0.04785243825,677914.259,-4737909.715,239.1,61.01775708,-157.0947464,20.5603327,6.215805188,3.748563195,-6.124471814,2.147937417,831.6076653,21.47937417,-0.07584803082,84.87800255,-0.02245129779
69021100,-81.85692025,41.39828568,239.9,21.87417776,1747595421106,-0.09517025948,11.43620014,11.29397392,-0.4736963212,-0.711908102,-1.018113971,0.6998873962,0.03837060843,677916.3431,-4737909.152,239.1,63.10187139,-156.5324699,20.84114319,5.622764733,3.3320178,-6.609552327,2.158630892,833.7662962,21.58630892,-0.287868838,82.1853785,-0.02692624047
69021200,-81.85689465,41.39828988,239.95,22.04651665,1747595421198,-0.1783140898,8.29091835,9.650806427,-0.2430541599,-0.3815157395,-0.5725876167,0.6935552422,0.0428262351,677918.461,-4737908.648,239.15,65.21976638,-156.0285708,21.17894988,5.038990546,2.773503405,-7.028221166,2.177014799,835.943311,21.77014799,-0.2763686541,81.07543682,-0.01109941678
69021300,-81.85686905,41.39829408,240,22.21885554,1747595421290,-0.2614579201,5.145636559,8.007638931,-0.01241199858,-0.05112337694,-0.1270612627,0.6872230882,0.04728186177,677920.6364,-4737908.227,239.2,67.39521362,-155.6069561,21.75447238,4.216146925,2.211730632,-7.336967148,2.21592636,838.1592374,22.1592636,-0.05959193648,82.52509925,0.0144966243
69021400,-81.8568428,41.3982973,240,22.27029998,1747595421386,2.935958147,5.36247921,7.658928394,0.1246804819,0.09339507669,-0.9723404646,0.6843258412,0.05404475486,677922.8518,-4737907.873,239.2,69.61055819,-155.2533558,22.1534457,3.53600367,1.810595509,-7.71849822,2.2433869,840.4026243,22.433869,0.1635690186,81.62945875,-0.008956404999
69021500,-81.85681513,41.39829944,240.05,22.28573331,1747595421488,2.523170948,7.491745472,9.196847677,0.1710054688,0.03998141829,-0.9919349551,0.6961319546,0.07940007785,677925.0846,-4737907.596,239.25,71.84341866,-154.9761094,22.32860472,2.772464072,1.412382469,-7.983781576,2.250006991,842.6526313,22.50006991,0.2143365947,80.20837095,-0.01421087797
69021600,-81.85678745,41.39830158,240.1,22.30116665,1747595421589,2.110383749,9.621011734,10.73476696,0.2173304558,-0.01343224011,-1.011529446,0.7079380681,0.1047554008,677927.335,-4737907.395,239.3,74.09379504,-154.7752169,22.50376374,2.008924522,0.9922060474,-8.044498418,2.259325475,844.9119567,22.59325475,0.292088106,80.86207069,0.006536997389
69021700,-81.8567608,41.39830235,240.15,22.20599443,1747595421683,3.722944379,8.759440422,9.734634876,0.1619196795,-0.0655801883,-0.3898671791,0.7150301708,0.1205811544,677929.5845,-4737907.275,239.35,76.34333732,-154.6551262,22.49542284,1.200906904,0.6256588204,-8.23796599,2.252745494,847.1647022,22.52745494,0.3214605122,78.82825907,-0.02033811626
69021800,-81.85673415,41.39830312,240.2,22.1108222,1747595421777,5.335505009,7.89786911,8.734502792,0.1065089032,-0.1177281365,0.2317950875,0.7221222735,0.136406908,677931.8142,-4737907.232,239.4,78.57300045,-154.6126868,22.29663125,0.4243945703,0.2881734311,-8.466220653,2.230066985,849.3947692,22.30066985,0.1898476478,75.26776895,-0.03560490122
69021900,-81.85670795,41.3983027,240.2,22.19827776,1747595421903,3.956942081,8.508976936,8.238032341,-0.1369601339,-0.06218384579,0.21895805,0.7327565911,0.13566805,677934.0165,-4737907.286,239.4,80.7752776,-154.6660604,22.02277151,-0.533736404,-0.1973114585,-8.270372138,2.202923829,851.597693,22.02923829,-0.1690394717,75.12601228,-0.001417566673
69022000,-81.85668147,41.39830135,240.3,21.76614443,1747595421988,3.746465445,8.066716194,8.869526863,-0.04611461982,0.0218305923,-0.4526382983,0.7314985872,0.1413174696,677936.2061,-4737907.428,239.5,82.96490437,-154.8082048,21.89626777,-1.42144382,-0.587285385,-8.229629699,2.194235732,853.7919288,21.94235732,0.176212897,74.71277004,-0.004132422403
69022100,-81.85665543,41.39829918,240.3,22.07995554,1747595422088,0.4188671112,5.581614494,9.325389862,-0.146062687,-0.3342294991,-1.399452925,0.7187954411,0.1415233699,677938.3831,-4737907.659,239.5,85.14188078,-155.0391199,21.76976403,-2.309151245,-0.8882332998,-8.153258042,2.189188904,855.9811177,21.89188904,-0.188066501,74.79932566,0.0008655561915
69022200,-81.85662954,41.39829596,240.35,22.12111109,1747595422183,-0.930731535,6.773800373,8.858832359,-0.09068622068,-0.08692694455,-0.002017974854,0.7217004313,0.1459171664,677940.5526,-4737907.974,239.55,87.31135036,-155.353802,21.69469588,-3.146820869,-0.9143185117,-8.185276456,2.192173148,858.1732908,21.92173148,-0.1993796139,74.73557193,-0.0006375372935
69022300,-81.85660365,41.39829273,240.4,22.16226665,1747595422277,-2.280330181,7.965986252,8.392274857,-0.03530975431,0.16037561,1.395416975,0.7246054216,0.1503109629,677942.7105,-4737908.382,239.6,89.4692817,-155.7622586,21.57931335,-4.084566068,-1.039345752,-8.177848919,2.196247811,860.3695386,21.96247811,-0.1997885363,75.05471566,0.003191437314
69022400,-81.8565779,41.39828855,240.5,21.89475554,1747595422396,-1.083407998,9.778459549,9.371277809,-0.1717038751,-0.1976924241,-0.3193294108,0.7318123363,0.1387949763,677944.8644,-4737908.866,239.7,91.6231816,-156.2463279,21.53899897,-4.840692645,-0.8995308298,-8.266246395,2.207624928,862.5771636,22.07624928,0.1814937398,75.55489682,0.005001811576
69022500,-81.85655211,41.39828298,240.5,22.0182222,1747595422490,2.019290626,7.450387478,7.978346109,-0.3156237155,-0.3397570997,0.167818144,0.7192193851,0.1295752105,677947.0132,-4737909.412,239.7,93.77193794,-156.7917398,21.48756339,-5.454118857,-0.7351758157,-8.261242192,2.216896012,864.7940596,22.16896012,0.150737921,76.90635946,0.0135146264
69022600,-81.85652632,41.39827742,240.5,22.14168887,1747595422583,5.12198925,5.122315407,6.58541441,-0.459543556,-0.4818217754,0.6549656987,0.7066264339,0.1203554446,677949.1533,-4737910.037,239.7,95.91207534,-157.4173974,21.40137403,-6.256576711,-0.9593268629,-8.259521641,2.22971649,867.0237761,22.2971649,0.1554760281,77.75182951,0.008454700528
69022700,-81.85650073,41.39827143,240.6,22.68185554,1747595422692,3.851757526,4.997826576,9.451153755,-0.2051757276,-0.3991105556,-0.8633739948,0.689890053,0.1292860024,677951.2872,-4737910.722,239.8,98.04595706,-158.1019885,21.33881724,-6.845910652,-1.426424857,-7.798983505,2.24100784,869.2647839,22.4100784,-0.2717771405,81.92068195,0.04168852437
69022800,-81.85647536,41.3982646,240.65,22.69214442,1747595422779,6.547570944,7.675163746,9.931491375,0.06386241317,0.2274414599,-0.5918131769,0.7106928525,0.1771733922,677953.4095,-4737911.452,239.85,100.1683005,-158.8321695,21.22343471,-7.301810496,-1.95132841,-7.249551104,2.244438944,871.5092228,22.44438944,-0.2477549862,86.26250526,0.0434182331
69022900,-81.85644998,41.39825777,240.7,22.70243331,1747595422866,9.243384361,10.35250092,10.41182899,0.3329005539,0.8539934754,-0.3202523589,0.731495652,0.225060782,677955.5155,-4737912.271,239.9,102.2742402,-159.650936,21.05939689,-8.187664673,-2.746468398,-6.79581047,2.259504482,873.7687273,22.59504482,-0.1073884952,89.39081934,0.03128314088
69023000,-81.85642488,41.39825015,240.7,22.57896665,1747595422989,5.698739052,6.412325859,8.571390152,-0.360647589,0.1971560717,-0.8569436669,0.7057722609,0.2343121586,677957.6085,-4737913.169,239.9,104.3672515,-160.5490216,20.93011285,-8.980856258,-3.873040556,-6.06540284,2.277554397,876.0462817,22.77554397,0.1965773248,93.8006196,0.04409800258
69023100,-81.85640008,41.3982406,240.8,24.26119998,1747595423088,5.743340492,3.542178988,8.661463737,-0.1878551403,0.3764727116,-1.078850657,0.6748102013,0.2634688691,677959.6783,-4737914.159,240,106.4370473,-161.5393992,20.69795765,-9.903775454,-4.801801367,-5.298451187,2.294537467,878.3408192,22.94537467,-1.315825305,98.724461,0.04923841395
69023200,-81.85637527,41.39823105,240.9,25.94343331,1747595423186,5.787941933,0.6720321178,8.751537323,-0.01506269164,0.5557893515,-1.300757647,0.6438481416,0.2926255796,677961.6754,-4737915.206,240.1,108.4341381,-162.5863009,19.97090869,-10.46901714,-5.801633023,-4.446894594,2.254855902,880.5956751,22.54855902,-3.394874292,98.36289674,-0.003615642564
69023300,-81.85635128,41.39822007,241,21.03563332,1747595423283,17.53952408,8.272197723,10.52015686,0.2297253907,0.4115861952,2.168238163,0.6610236761,0.326461343,677963.6043,-4737916.292,240.2,110.3631116,-163.6723062,19.28973472,-10.86005317,-6.715392564,-3.386003597,2.21367256,882.8093477,22.1367256,1.101092289,100.5312172,0.02168320452
69023400,-81.85633027,41.39821069,241.1,20.17651109,1747595423373,11.54328275,4.022275209,9.563499928,0.1821633428,0.003930911422,1.5013116,0.6392109124,0.3543985679,677965.4461,-4737917.406,240.3,112.2049226,-164.7857397,18.41811007,-11.13433439,-7.577745151,-2.289737841,2.152208589,884.9615562,21.52208589,1.345574792,100.701542,0.001703248487
69023500,-81.85630925,41.39820132,241.2,19.31738887,1747595423463,5.547041416,-0.2276473045,8.606842995,0.134601295,-0.4037243724,0.8343850374,0.6173981487,0.3823357928,677967.1692,-4737918.518,240.4,113.9280147,-165.8978758,17.23092115,-11.12136163,-8.144862209,-1.416970931,2.050827463,887.0123837,20.50827463,1.190885753,95.51083745,-0.05190704588
69023600,-81.85628967,41.39819053,241.2,19.07559998,1747595423595,6.999107838,-2.335381031,7.777340412,-0.09307807684,-0.01135149505,-0.8936425447,0.5522857521,0.3952629129,677968.7874,-4737919.597,240.4,115.5461505,-166.9768388,16.18135717,-10.78962962,-8.497666981,-0.3188331503,1.944871274,888.957255,19.44871274,0.37311276,96.31699355,0.008061560926
69023700,-81.85627198,41.39818104,241.3,18.43254443,1747595423680,7.999044657,-2.256760597,9.674666166,-0.1937451214,-0.2394148554,-0.3599339351,0.5180294088,0.4172923957,677970.3263,-4737920.672,240.5,117.0850476,-168.0519099,15.38897113,-10.75071134,-8.609756137,0.6673643699,1.877227281,890.8344823,18.77227281,0.3397283863,101.6435521,0.05326558592
69023800,-81.85625428,41.39817155,241.4,17.78948887,1747595423764,8.998981476,-2.178140163,11.57199192,-0.2944121659,-0.4674782157,0.1737746745,0.4837730654,0.4393218785,677971.7703,-4737921.736,240.6,118.5291364,-169.1160469,14.44088818,-10.64136952,-8.418479728,1.703004146,1.79381715,892.6282994,17.9381715,0.1486826219,111.8875603,0.1024400819
69023900,-81.85623802,41.39816235,241.4,16.25644443,1747595423871,8.073328018,-3.672442913,11.53234196,-0.05276278779,0.1050165892,-0.06467903405,0.4394063112,0.4670389571,677973.1256,-4737922.74,240.6,119.8843946,-170.1206944,13.55258171,-10.04647581,-7.953572165,2.836934704,1.687021479,894.3153209,16.87021479,0.6137703623,145.1869318,0.3329937151
69024000,-81.85622268,41.39815347,241.5,16.12783332,1747595424010,3.193612814,-6.679018974,9.259701729,-0.1017510965,-0.3784140348,-0.009274667129,0.3636574857,0.4846339114,677974.4236,-4737923.714,240.7,121.1823785,-171.0945781,12.97983951,-9.738836074,-7.235410817,3.855314201,1.622717356,895.9380382,16.22717356,0.09934024411,261.4724762,1.162855443
69024100,-81.85620843,41.39814536,241.55,15.32529999,1747595424093,1.968409777,-7.049829483,9.770335674,-0.09089257941,-0.333902061,0.0520005757,0.3180035062,0.4742708648,677975.6536,-4737924.639,240.75,122.4123841,-172.0189798,12.30005569,-9.244017964,-6.219946214,4.86626013,1.538646282,897.4766845,15.38646282,0.0611628352,-1922.419151,-21.83891627
69024200,-81.85619417,41.39813725,241.6,14.52276665,1747595424175,0.7432067394,-7.420639992,10.28096962,-0.08003406227,-0.2893900871,0.1132758185,0.2723495266,0.4639078182,677976.8349,-4737925.507,240.8,123.5937344,-172.8874135,11.81350286,-8.684336049,-5.014491281,5.470096569,1.466207838,898.9428924,14.66207838,0.1393117257,-185.4155341,17.37003617
69024300,-81.85618055,41.39812998,241.6,13.42185554,1747595424298,1.085174322,-7.840491295,9.229395866,0.02903647162,-0.1053290218,0.4916035831,0.2138516684,0.4498523466,677977.9811,-4737926.332,240.8,124.7399138,-173.7121103,11.46179467,-8.246968705,-4.00773387,6.051141457,1.412038349,900.3549307,14.12038349,0.6985279412,-95.84232551,0.8957320859
69024400,-81.8561672,41.3981233,241.6,13.41156666,1747595424387,1.82566452,-6.855806828,8.822814941,-0.1270173192,-0.06072409451,0.5387604237,0.1750567572,0.4344723029,677979.1101,-4737927.13,240.8,125.8688554,-174.5103057,11.28941595,-7.981953751,-2.917235654,6.774903077,1.382615269,901.737546,13.82615269,0.4145860337,-61.29893651,0.34543389
69024500,-81.85615398,41.39811638,241.7,12.95885554,1747595424475,-0.02288085222,-8.218503237,9.776469707,-0.06097720587,-0.09852962941,0.5502744913,0.1349718833,0.4197641503,677980.2236,-4737927.851,240.9,126.9823663,-175.2312205,11.13510919,-7.209147932,-1.931323686,7.006756392,1.326508464,903.0640544,13.26508464,0.3062290977,-44.78202822,0.1651690829
69024600,-81.85614075,41.39810947,241.8,12.50614443,1747595424563,-1.871426225,-9.581199646,10.73012447,0.005062907469,-0.1363351643,0.561788559,0.09488700945,0.4050559976,677981.3304,-4737928.497,241,128.0892045,-175.8772639,11.06838195,-6.460434366,-1.281142949,7.286713072,1.281586092,904.3456405,12.81586092,0.309716486,-35.6674698,0.09114558427
69024700,-81.85612742,41.39810483,241.8,11.85279999,1747595424670,-0.4426549673,-6.062078476,9.60313797,0.04627515376,-0.1490485817,0.3097096384,0.0590694115,0.384041071,677982.4356,-4737929.065,241,129.1943745,-176.4447295,11.05170013,-5.674655773,-0.6974204243,7.709834782,1.242343728,905.5879843,12.42343728,0.5706372937,-28.86993268,0.06797537119
69024800,-81.8561142,41.39810093,241.8,11.8888111,1747595424778,-1.423440218,-7.464748383,10.36513901,-0.1231836751,-0.2626556456,0.7237238288,0.007774803615,0.3562583882,677983.5428,-4737929.532,241,130.3016298,-176.9124902,11.0725524,-4.677606523,-0.06635823589,7.840513544,1.20200424,906.7899885,12.0200424,0.1312313025,-24.49479395,0.04375138726
69024900,-81.85610095,41.39809778,241.8,11.43095555,1747595424888,-1.869199038,-6.928109169,10.10662174,0.03956948593,0.04107877985,1.238288283,-0.03681984626,0.3257080125,677984.6522,-4737929.884,241,131.4109703,-177.2642373,11.09340466,-3.517471151,0.3094324256,7.629313154,1.163770726,907.9537592,11.63770726,0.2067517144,-22.37545618,0.02119337769
69025000,-81.8560876,41.39809535,241.8,11.5184111,1747595425002,-1.210575342,-6.361833572,9.82356739,0.07448162138,0.08080478013,0.5617129803,-0.06298931747,0.3009495299,677985.7639,-4737930.147,241,132.522674,-177.5275843,11.11703723,-2.633470222,0.5099295501,8.09238367,1.142469615,909.0962288,11.42469615,-0.09371495085,-19.84546179,0.02529994393
69025100,-81.85607425,41.39809365,241.8,11.20459999,1747595425117,-1.309313297,-7.122900486,9.654823303,0.02618850395,-0.05012889951,0.1729071885,-0.09926405336,0.2661819595,677986.8799,-4737930.339,241,133.6386872,-177.7188398,11.16013191,-1.912555443,0.7626970746,8.158668167,1.132282705,910.2285116,11.32282705,0.1182270642,-19.05416496,0.007912968327
69025200,-81.85606078,41.39809299,241.75,11.24832777,1747595425199,-3.39612937,-6.858501196,9.626640797,0.06206655316,0.0295519121,0.1481022164,-0.1236755109,0.2384627938,677988.0015,-4737930.452,240.95,134.760261,-177.8318882,11.21573794,-1.130483355,0.7738809959,8.328659589,1.127256715,911.3557683,11.27256715,0.02423938611,-18.44076177,0.006134031888
69025300,-81.8560473,41.39809233,241.7,11.29205555,1747595425281,-5.482945442,-6.594101906,9.59845829,0.09794460237,0.1092327237,0.1232972443,-0.1480869684,0.2107436282,677989.1289,-4737930.485,240.9,135.8876734,-177.864876,11.27412428,-0.3298787493,0.7465142438,8.485086366,1.127894935,912.4836632,11.27894935,-0.01310619835,-18.16066689,0.002800948795
69025400,-81.85603372,41.3980927,241.7,11.45153332,1747595425391,-5.558574677,-6.195862293,9.30115509,0.05129916593,-0.100123845,0.2143118382,-0.1673559663,0.1815670763,677990.2644,-4737930.48,240.9,137.0231487,-177.8600576,11.35475304,0.04818454385,0.681087626,8.455769984,1.135485528,913.6191487,11.35485528,-0.0966780437,-18.52579929,-0.00365132406
69025500,-81.85602002,41.39809387,241.7,11.64702221,1747595425474,-4.697508335,-5.111231804,9.037262917,-0.002836101688,-0.2598118484,0.1154035777,-0.184060975,0.1467133676,677991.4054,-4737930.395,240.9,138.1641846,-177.7751787,11.41035908,0.8487891406,0.5956744586,8.219263855,1.144188522,914.7633373,11.44188522,-0.2051369964,-19.51587318,-0.009900738843
69025600,-81.85600618,41.39809387,241.8,11.7499111,1747595425645,1.82228899,-5.527331829,9.0651474,-0.05563939735,0.1081451103,1.016440034,-0.2132505806,0.0909726525,677992.552,-4737930.23,241,139.3107811,-177.6102393,11.46596512,1.649393737,0.4954372569,8.124529309,1.158399136,915.9217364,11.58399136,-0.1659197425,-20.47863448,-0.009627613014
69025700,-81.85599238,41.39809681,241.75,11.96340555,1747595425698,0.3328533173,-4.148076773,8.273786545,-0.1002507415,-0.1797584333,-0.02180868387,-0.2195134827,0.07840407682,677993.7025,-4737929.984,240.95,140.4612701,-177.3641275,11.50488935,2.461117851,0.3756815959,7.976450958,1.176518508,917.0982549,11.76518508,-0.1982204665,-21.83483467,-0.01356200194
69025800,-81.85597857,41.39809975,241.7,12.17689999,1747595425751,-1.156582355,-2.768821716,7.48242569,-0.1448620856,-0.4676619768,-1.060057402,-0.2257763847,0.06583550114,677994.8552,-4737929.659,240.9,141.6139832,-177.0390672,11.52713176,3.250602949,0.2476822755,7.762203219,1.197669346,918.2959242,11.97669346,-0.2002065333,-23.63181181,-0.01796977133
69025900,-81.85596475,41.39810377,241.7,12.63989999,1747595425860,-4.278316021,-3.785523653,11.77189255,-0.1388957053,-0.2706496716,0.9853410721,-0.2326186489,0.03883840893,677996.006,-4737929.213,240.9,142.7647502,-176.5935456,11.50766965,4.45521635,-0.02376299276,7.787751311,1.233999244,919.5299235,12.33999244,-0.2999075469,-25.60576,-0.01973948192
69026000,-81.85595092,41.39810848,241.7,12.75822221,1747595425966,-7.816371918,-4.904907703,10.0676136,-0.04520026967,-0.1977601051,-0.7368904352,-0.2430173065,0.004623527159,677997.1535,-4737928.697,240.9,143.9123198,-176.0774151,11.47569617,5.161305144,-0.2739492619,7.868291101,1.25829517,920.7882187,12.5829517,-0.175270513,-26.60251604,-0.009967560427
69026100,-81.8559372,41.3981139,241.7,13.20064443,1747595426079,-5.911350727,-4.954573631,9.780007362,0.046409145,0.1631271839,0.8373094201,-0.2565764367,-0.007224156049,677998.2951,-4737928.095,240.9,145.0539118,-175.4751084,11.41591968,6.023067031,-0.6504761275,7.928038632,1.290738388,922.078957,12.90738388,-0.2932605508,-27.94477785,-0.01342261812
69026200,-81.85592358,41.39812002,241.7,13.33954443,1747595426171,-1.875252724,-4.041529655,7.999856472,-0.09324259311,-0.1070267707,-0.1464314163,-0.2790168943,-0.0453429101,677999.427,-4737927.415,240.9,146.1857727,-174.7953358,11.31860911,6.797726126,-1.080786701,7.859573127,1.320302968,923.39926,13.20302968,-0.1365147508,-29.37784009,-0.01433062232
69026300,-81.85591013,41.39812683,241.7,13.8334111,1747595426289,-0.9629983902,-5.111061096,8.227952003,-0.0897526145,-0.227678448,-0.4420106709,-0.3037027996,-0.07455369423,678000.5452,-4737926.661,240.9,147.3040101,-174.0410624,11.18237432,7.542733178,-1.548802675,7.820127166,1.348845133,924.7481051,13.48845133,-0.3449597678,-30.48449667,-0.01106656589
69026400,-81.8558969,41.39813433,241.7,13.87456665,1747595426396,-5.945830345,-8.760335922,11.98447323,0.1234128177,-0.05239600316,0.8537372947,-0.3163943503,-0.07524831435,678001.6439,-4737925.833,240.9,148.4026464,-173.2135857,10.98636303,8.274767483,-2.07784169,7.74060517,1.375397941,926.1235031,13.75397941,-0.1205872454,-31.38779569,-0.009032990181
69026500,-81.85588388,41.3981424,241.6,14.38386665,1747595426490,-1.641331196,-6.398663044,9.670237541,0.1768204421,0.5272390842,0.8590397239,-0.328018653,-0.07248455713,678002.7246,-4737924.948,240.8,149.4833498,-172.3284728,10.80703357,8.851128658,-2.611497873,7.278582762,1.396905341,927.5204084,13.96905341,-0.4148132492,-33.07310136,-0.01685305663
69026600,-81.85587134,41.39815111,241.6,14.52019443,1747595426583,-2.038370371,-6.385458469,9.370961666,0.2026311681,0.4522856623,1.118001491,-0.3416723934,-0.09839648309,678003.7741,-4737923.996,240.8,150.5329138,-171.3759016,10.49563975,9.525712179,-3.167921817,7.001340233,1.417383668,928.9377921,14.17383668,-0.3463577497,-33.9601022,-0.008870008465
69026700,-81.8558588,41.39815982,241.6,14.65652221,1747595426676,-2.435409546,-6.372253895,9.071685791,0.2284418941,0.3773322403,1.376963258,-0.3553261337,-0.124308409,678004.7853,-4737922.979,240.8,151.5441096,-170.3592079,10.11195808,10.16693715,-3.668862421,6.660206252,1.433939703,930.3717318,14.33939703,-0.3171251752,-34.86428833,-0.009041861269
69026800,-81.85584722,41.39816967,241.6,14.60507777,1747595426789,-1.48010397,-6.320427895,8.564806938,-0.1574530303,0.005589013454,0.839674592,-0.3733243882,-0.1478787218,678005.7456,-4737921.892,240.8,152.5044258,-169.2724613,9.60316283,10.86746618,-4.315984736,6.353962374,1.450250177,931.821982,14.50250177,-0.1025759963,-35.00534947,-0.001410611444
69026900,-81.85583628,41.39818005,241.6,14.92403332,1747595426915,-1.003003359,-7.340126991,7.727527618,0.4165292382,0.8297916651,1.423303843,-0.3867109596,-0.1368441185,678006.663,-4737920.75,240.8,153.4217865,-168.1299318,9.173606188,11.42529485,-4.755216088,5.923031448,1.465238591,933.2872206,14.65238591,-0.2716474101,-35.88449301,-0.008791435341
69027000,-81.85582632,41.39819127,241.55,15.14009999,1747595426990,-4.394061685,-8.075492382,8.398034096,-0.1266700327,-0.01209539175,1.409112155,-0.4044810359,-0.1555114151,678007.5196,-4737919.534,240.75,154.2783975,-166.9138282,8.566110213,12.16103566,-5.237910674,5.880538112,1.487511454,934.774732,14.87511454,-0.2649854502,-35.80961514,0.0007487787058
69027100,-81.85581635,41.39820248,241.5,15.35616665,1747595427064,-7.78512001,-8.810857773,9.068540573,-0.6698693037,-0.8539824486,1.394920468,-0.4222511121,-0.1741787117,678008.3173,-4737918.26,240.7,155.0760661,-165.6402739,7.976686208,12.73554359,-5.70347264,5.545959322,1.502736149,936.2774682,15.02736149,-0.328805165,-36.06421193,-0.002545967915
69027200,-81.85580745,41.3982145,241.5,15.26356665,1747595427176,-3.163566589,-7.43133831,10.12194633,-0.3332577944,-0.1832569838,2.428451777,-0.440699808,-0.1912736527,678009.0524,-4737916.933,240.7,155.8111779,-164.3129752,7.351118277,13.2729865,-6.183858642,5.346197099,1.51727094,937.7947391,15.1727094,-0.09085725647,-35.77104546,0.002931664728
69027300,-81.8557994,41.39822693,241.5,15.51564443,1747595427321,-6.860940933,-7.894148827,10.38080215,-0.09760211408,0.135014087,1.852331996,-0.4600289648,-0.194633985,678009.7202,-4737915.559,240.7,156.4790065,-162.9387893,6.678285209,13.7418591,-6.42497417,4.983671089,1.5278684,939.3226075,15.278684,-0.2369604327,-36.48765234,-0.00716606885
69027400,-81.85579222,41.39823973,241.5,15.40246665,1747595427401,-7.298191547,-8.289725304,8.656682968,-0.01371350698,-0.2337750793,0.143662408,-0.4750508792,-0.2170429649,678010.3208,-4737914.138,240.7,157.0795517,-161.5177161,6.005452147,14.2107317,-6.861278885,4.673810357,1.54275841,940.8653659,15.4275841,0.02511744298,-36.3968931,0.0009075924001
69027500,-81.85578628,41.39825306,241.5,15.55679999,1747595427495,-5.604699731,-7.359286785,8.725028038,0.1153905476,0.09401866794,0.3372451141,-0.4848161144,-0.2242955556,678010.8515,-4737912.676,240.7,157.6103113,-160.0566127,5.307596363,14.611034,-7.237487639,4.46591178,1.554518877,942.4198848,15.54518877,-0.01161122071,-36.14199868,0.002548944217
69027600,-81.85578035,41.39826638,241.5,15.71113332,1747595427589,-3.911207914,-6.428848267,8.793373108,0.2444946021,0.4218124151,0.5308278203,-0.4945813496,-0.2315481462,678011.31,-4737911.178,240.7,158.0687831,-158.557703,4.584717865,14.98909728,-7.499780355,4.10411276,1.567458692,943.9873435,15.67458692,-0.03654640116,-36.57354959,-0.00431550907
69027700,-81.85577563,41.3982802,241.5,16.07124443,1747595427689,-3.604520559,-8.354235649,8.309898376,-0.08690225333,0.1043872088,1.131911278,-0.5097736559,-0.2518659261,678011.6852,-4737909.64,240.7,158.4439848,-157.019875,3.752017441,15.37828009,-7.799905721,3.78515238,1.582937564,945.5702811,15.82937564,-0.241868786,-36.87688636,-0.003033367713
69027800,-81.85577192,41.39829433,241.5,15.99922221,1747595427780,-7.936673164,-7.277076244,11.53768158,0.294136256,0.4972201586,1.064970493,-0.5122675257,-0.2494830938,678011.998,-4737908.075,240.7,158.7567688,-155.4548042,3.127839662,15.65070803,-8.128911143,3.531488972,1.596020184,947.1663012,15.96020184,-0.03902036514,-36.69719989,0.001796864655
69027900,-81.85576973,41.39830888,241.5,16.19213887,1747595427867,-6.695476055,-7.29308486,11.750319,0.1835279502,0.1491656154,0.7566109598,-0.5234133024,-0.2600914051,678012.2215,-4737906.474,240.7,158.9803051,-153.8543363,2.235362744,16.00467904,-8.453940165,3.234883943,1.616003088,948.7823043,16.16003088,-0.03210799865,-36.9899938,-0.002927939134
69028000,-81.85576753,41.39832343,241.5,16.38505554,1747595427954,-5.454278946,-7.309093475,11.96295643,0.07291964442,-0.1988889277,0.4482514262,-0.5345590792,-0.2706997165,678012.3578,-4737904.845,240.7,159.1165399,-152.2253283,1.362347943,16.29007978,-8.612223778,2.744944602,1.634694746,950.4169991,16.34694746,-0.03810808095,-37.92466691,-0.009346731066
69028100,-81.85576695,41.39833835,241.5,16.85834443,1747595428087,-2.852235317,-7.71716547,11.21195984,-0.07848569006,-0.2073651254,0.7963351011,-0.5522418656,-0.2909568355,678012.4061,-4737903.194,240.7,159.1649171,-150.5737107,0.4837725323,16.51617642,-8.851766924,2.392838959,1.652325996,952.0693251,16.52325996,-0.3350844742,-38.31511941,-0.003904524962
69028200,-81.85576747,41.39835345,241.5,16.72973332,1747595428181,-10.48177147,-9.027384758,10.7096777,0.4086297452,0.6552954912,1.045667291,-0.5524215023,-0.276621472,678012.3732,-4737901.527,240.7,159.1319705,-148.9076377,-0.3294657764,16.66073005,-9.000961614,1.938183504,1.666398732,953.7357238,16.66398732,-0.06574599886,-38.81051462,-0.004953952162
69028300,-81.85576902,41.3983686,241.5,17.11042221,1747595428286,-3.095428944,-6.468208313,8.691756248,0.2040658146,0.740690589,1.263808846,-0.5655808476,-0.3031367426,678012.2251,-4737899.832,240.7,158.9839195,-147.2124686,-1.48051077,16.95169051,-8.98533321,1.371993692,1.701621942,955.4373457,17.01621942,-0.09420278748,-41.12838629,-0.02317871665
69028400,-81.8557717,41.3983838,241.5,17.01267776,1747595428424,-5.205569267,-7.459455013,7.94914341,0.1535832137,0.2504235506,1.038130522,-0.574743785,-0.3473027,678011.9888,-4737898.116,240.7,158.7475938,-145.4963578,-2.36325663,17.16110792,-8.974608283,0.7785291594,1.732306575,957.1696523,17.32306575,0.310387986,-42.91634876,-0.0178796247
69028500,-81.85577641,41.39839966,241.5,17.24417776,1747595428508,-4.026897192,-8.292100668,8.180612564,-0.01902183145,0.1187521438,1.432448387,-0.5841791673,-0.3570648176,678011.6605,-4737896.397,240.7,158.4192402,-143.7772818,-3.283536568,17.19075995,-9.020670948,0.2624722555,1.750153822,958.9198061,17.50153822,0.2573604525,-43.70802998,-0.007916812226
69028600,-81.85578112,41.39841552,241.5,17.47567776,1747595428591,-2.848225117,-9.124746323,8.412081718,-0.1916268766,-0.01291926298,1.826766253,-0.5936145495,-0.3668269353,678011.2373,-4737894.678,240.7,157.9960782,-142.0582058,-4.231619522,17.19075994,-9.003965507,-0.2891047932,1.770392134,960.6901983,17.70392134,0.2282435816,-44.7616425,-0.01053612515
69028700,-81.85578715,41.39843075,241.5,17.93353332,1747595428700,-0.5742640495,-7.636637688,8.774669647,0.1807389855,0.6961272359,1.668487191,-0.6016880231,-0.3546194673,678010.7235,-4737892.964,240.7,157.4822784,-140.3443189,-5.137997947,17.13886891,-8.927882121,-0.8292679042,1.789245234,962.4794435,17.89245234,-0.04108098207,-45.87379478,-0.01112152285
69028800,-81.85579438,41.3984459,241.5,17.87179998,1747595428786,-4.623308182,-8.073677063,11.17393875,-0.1899579465,-0.8064989448,-0.1075784788,-0.6074259444,-0.3761872669,678010.1292,-4737891.279,240.7,156.8879889,-138.6589721,-5.942895357,16.85346819,-8.992208982,-1.21174409,1.787057345,964.2665008,17.87057345,-0.001226535294,-45.27616076,0.005976340199
69028900,-81.8558025,41.39846087,241.5,18.11358887,1747595428911,-6.655865669,-6.572108746,10.40166092,-0.1140014231,-0.2381961346,-0.8655874729,-0.6088119932,-0.3818472386,678009.4544,-4737889.622,240.7,156.2132096,-137.0021654,-6.747792761,16.56806746,-8.776687863,-1.674178481,1.788948201,966.0554491,17.88948201,-0.2241068608,-46.01559652,-0.007394357641
69029000,-81.85581203,41.39847544,241.5,18.15217221,1747595428993,-4.964072466,-6.728428364,10.81653452,-0.03134009987,-0.03450313956,0.08143872023,-0.6111480031,-0.3636513731,678008.6971,-4737887.99,240.7,155.4558554,-135.3701922,-7.573542431,16.31973179,-8.564843221,-2.068304903,1.799144771,967.8545938,17.99144771,-0.1607244975,-47.21063985,-0.01195043326
69029100,-81.85582157,41.39849002,241.5,18.19075554,1747595429074,-3.272279263,-6.884747982,11.23140812,0.05132122338,0.1691898555,1.028464913,-0.6134840131,-0.3454555076,678007.8638,-4737886.388,240.7,154.6225989,-133.7686123,-8.332564855,16.01579856,-8.311625789,-2.423409421,1.805373758,969.6599676,18.05373758,-0.1370179594,-48.37875989,-0.01168120035
69029200,-81.85583255,41.39850413,241.5,18.19075554,1747595429172,-3.806147099,-4.434442997,10.68427467,0.06689140201,0.3984252214,1.509736896,-0.6073997204,-0.3556821906,678006.9563,-4737884.821,240.7,153.7151083,-132.2011323,-9.074905468,15.6748003,-8.045811115,-2.745205127,1.811224099,971.4711917,18.11224099,-0.07851455326,-49.60141986,-0.01222659974
69029300,-81.85584433,41.39851792,241.4,18.26792221,1747595429268,-6.811682701,-3.747245789,11.00385189,0.2321103364,0.1473682225,0.9785616994,-0.5899403317,-0.3713088934,678005.9572,-4737883.276,240.6,152.7160068,-130.6566326,-9.991014949,15.44499713,-7.636954944,-3.116806548,1.839479046,973.3106707,18.39479046,0.1268682533,-52.69912791,-0.03097708053
69029400,-81.8558569,41.39853135,241.4,18.30393332,1747595429379,-2.122889996,-3.904570103,8.439189911,-0.09215984493,-0.02156483941,0.07685687393,-0.5867592027,-0.4023352208,678004.8665,-4737881.755,240.6,151.6252944,-129.1351132,-10.90712443,15.21519396,-7.554859237,-3.310722455,1.872077697,975.1827484,18.72077697,0.4168436542,-54.90483554,-0.02205707628
69029500,-81.85587193,41.39854489,241.4,18.71806109,1747595429475,-4.35681653,-5.223645687,8.553011894,-0.02241859585,-0.09597199317,0.2888612859,-0.5866380497,-0.4065256872,678003.6996,-4737880.264,240.6,150.4584017,-127.6443578,-11.66892716,14.90755423,-7.498930541,-3.448943848,1.89314298,977.0758914,18.9314298,0.2133687009,-56.46481979,-0.0155998425
69029600,-81.85588695,41.39855843,241.4,19.13218887,1747595429570,-6.590743065,-6.542721272,8.666833878,0.04732265323,-0.1703791469,0.5008656979,-0.5865168966,-0.4107161536,678002.4565,-4737878.803,240.6,149.2153287,-126.1832544,-12.43072988,14.611034,-7.497394514,-3.662791754,1.91834658,978.994238,19.1834658,0.0512769263,-57.659541,-0.01194721209
69029700,-81.8559025,41.39857117,241.4,19.33282221,1747595429686,-0.03949642181,-8.295168877,8.694943428,0.6285122037,0.9094632864,2.056828022,-0.5867660264,-0.3915088557,678001.1367,-4737877.371,240.6,147.8955194,-124.7510617,-13.19809321,14.32192678,-7.555736318,-3.804072633,1.947581195,980.9418192,19.47581195,0.1429897437,-59.13417293,-0.01474631931
69029800,-81.85591885,41.39858362,241.4,19.60547776,1747595429795,-10.4454546,-7.802735329,11.7891264,-0.1671183407,-0.1781061441,-0.7139335871,-0.5962709509,-0.4307521973,677999.7601,-4737875.985,240.6,146.5188529,-123.3648297,-13.76666496,13.86232044,-7.763481861,-3.974312454,1.953676001,982.8954952,19.53676001,-0.06871774596,-58.26654653,0.008676264015
69029900,-81.85593602,41.39859575,241.3,19.82154443,1747595429881,-7.107069016,-5.180408001,13.09939575,0.4532587826,0.7633838654,-0.4386202395,-0.5801520511,-0.4197860687,677998.3265,-4737874.644,240.5,145.0853292,-122.0245583,-14.3352367,13.40271409,-7.755556322,-4.155663309,1.962477404,984.8579726,19.62477404,-0.1967703856,-58.65067451,-0.003841279763
69030000,-81.85595445,41.39860723,241.3,20.02217776,1747595429977,-9.336256027,-6.615709543,12.5981884,0.2904237434,0.3238397539,0.2920622677,-0.5860524193,-0.4314406624,677996.8224,-4737873.347,240.5,143.5811859,-120.7276529,-15.04143339,12.96905327,-7.656264364,-4.425199621,1.98605403,986.8440266,19.8605403,-0.1616374619,-59.99038914,-0.01339714636
69030100,-81.85597288,41.3986187,241.3,20.22281109,1747595430072,-11.56544304,-8.051011086,12.09698105,0.1275887042,-0.1157043576,1.022744775,-0.5919527874,-0.4430952562,677995.2462,-4737872.099,240.5,142.0050327,-119.4793028,-15.76153159,12.48350141,-7.536972236,-4.643627622,2.010630959,988.8546576,20.10630959,-0.1165015047,-61.77654188,-0.01786152734
69030200,-81.85599267,41.39862948,241.3,20.65494443,1747595430180,-1.713029861,-3.103954792,7.06524992,0.4761325717,0.7958315611,2.098487139,-0.5812870032,-0.4508050166,677993.5972,-4737870.905,240.5,140.3560356,-118.2850676,-16.48997069,11.942352,-7.338951844,-4.910825393,2.03602285,990.8906804,20.3602285,-0.2947159263,-63.69889623,-0.01922354351
69030300,-81.85601333,41.39863975,241.3,20.80413332,1747595430277,-7.94619894,-4.167994022,11.21149158,-0.1183093041,-0.3537187278,-0.02697614953,-0.5799326452,-0.4721078921,677991.8609,-4737869.762,240.5,138.6197371,-117.1417968,-17.36298549,11.43270785,-6.878207008,-5.114773931,2.078894115,992.9695745,20.78894115,-0.0151921681,-68.39957304,-0.04700676811
69030400,-81.85603487,41.39864945,241.3,21.20539998,1747595430398,-3.095849514,-2.867444038,11.22048283,-0.001307022758,-0.2832566202,0.883279264,-0.5656788853,-0.4820229766,677990.0373,-4737868.669,240.5,136.796137,-116.0494904,-18.23600029,10.92306374,-6.273457258,-5.23568661,2.125711712,995.0952862,21.25711712,0.05171713449,-74.79295806,-0.06393385027
69030500,-81.85605853,41.39865863,241.25,21.52435554,1747595430482,-2.961337924,-4.198271751,10.35390711,0.05506920209,-0.1357544418,0.3282896131,-0.560229254,-0.4789509146,677988.1481,-4737867.629,240.45,134.9069219,-115.0094457,-18.89215155,10.40044681,-5.924388036,-5.264251771,2.156577576,997.2518638,21.56577576,0.04142021996,-79.61293293,-0.04819974869
69030600,-81.8560822,41.39866782,241.2,21.84331109,1747595430566,-2.826826334,-5.529099464,9.48733139,0.1114454269,0.01174773648,-0.2267000377,-0.5547796227,-0.4758788526,677986.1991,-4737866.637,240.4,132.9579302,-114.0168443,-19.48991646,9.926014487,-5.17060719,-5.164979521,2.187195938,999.4390598,21.87195938,0.02864829029,-88.11365992,-0.0850072699
69030700,-81.85610592,41.39867625,241.2,22.05423331,1747595430698,1.80383575,-5.549651623,10.34693527,-0.06934925914,-0.1724196672,1.111007571,-0.5502579478,-0.456450816,677984.1982,-4737865.694,240.4,130.956947,-113.0742806,-20.00983292,9.425636595,-4.278502012,-4.964120766,2.211868076,1001.650928,22.11868076,0.06444745013,-99.26359342,-0.1114993349
69030800,-81.85613017,41.39868438,241.2,22.35261109,1747595430788,0.2601776719,-2.951416492,8.348751068,-0.001688197255,-0.6341770887,-0.2574302256,-0.5305760476,-0.4530368818,677982.1808,-4737864.79,240.4,128.9395599,-112.1702646,-20.17387073,9.04016031,-3.377539674,-4.622798995,2.210677631,1003.861605,22.10677631,-0.2458347854,-111.7998757,-0.1253628228
69030900,-81.85615482,41.39869183,241.2,22.23171665,1747595430879,3.129190475,-0.9757286012,8.662605286,-0.08679582924,-0.25426092,-0.410157904,-0.5083622907,-0.418366168,677980.147,-4737863.94,240.4,126.905769,-111.3199929,-20.33790854,8.5027174,-2.193934514,-4.177546104,2.204374576,1006.06598,22.04374576,-0.1879708898,-132.4000604,-0.2060018467
69031000,-81.85617947,41.39869928,241.2,22.1108222,1747595430969,5.998203278,0.99995929,8.976459503,-0.1719034612,0.1256552488,-0.5628855824,-0.4861485339,-0.3836954542,677978.1051,-4737863.129,240.4,124.8639153,-110.5093807,-20.4185373,8.106121598,-0.5465851784,-3.605909833,2.196874764,1008.262855,21.96874764,-0.1420745598,-173.9171468,-0.4151708645
69031100,-81.85620412,41.39870605,241.2,21.79701109,1747595431084,8.42122364,-0.8239257336,9.099866867,0.249835223,0.009352959692,-1.168295503,-0.4497709776,-0.3243096996,677976.0738,-4737862.354,240.4,122.8326267,-109.7339803,-20.31288583,7.754003843,0.941744341,-2.929676033,2.174253679,1010.437108,21.74253679,-0.05447429742,-251.8716887,-0.7795454185
69031200,-81.85622832,41.3987127,241.2,21.31343331,1747595431195,11.75780487,4.400186539,9.497859001,0.07920985669,-0.06284020096,-1.422023535,-0.4143817666,-0.2636494592,677974.0801,-4737861.601,240.4,120.8388722,-108.980819,-19.93754507,7.53161367,2.48056738,-2.158931853,2.131269359,1012.568378,21.31269359,-0.0007397294699,-507.5849467,-2.55713258
69031300,-81.85625193,41.39871925,241.1,20.78355554,1747595431305,10.03821945,4.617437363,8.379938126,0.162012428,0.2630330324,-0.4232333004,-0.3578318347,-0.1875624697,677972.1239,-4737860.87,240.3,118.8826518,-108.2498966,-19.56220431,7.309223507,4.115533057,-1.255212802,2.088311724,1014.65669,20.88311724,0.09956170659,2101.405527,26.08990474
69031400,-81.85627433,41.3987257,241.1,20.11734998,1747595431388,8.103451252,4.251776934,8.03642416,0.128786888,0.08358236402,-1.072436824,-0.3337250881,-0.1523074258,677970.1902,-4737860.144,240.3,116.9489518,-107.5237927,-19.33699986,7.261038963,5.401697632,-0.4235942632,2.065532014,1016.722222,20.65532014,0.5379701604,361.8295631,-17.39575964
69031500,-81.85629673,41.39873215,241.1,19.45114443,1747595431470,6.168683052,3.886116505,7.692910194,0.0955613479,-0.09586830437,-1.721640348,-0.3096183414,-0.1170523818,677968.337,-4737859.408,240.3,115.0957415,-106.7882372,-18.53210244,7.355554793,6.423965296,0.4432051739,1.993848057,1018.71607,19.93848057,0.4873361384,181.5640101,-1.802655531
69031600,-81.85632003,41.3987387,241,18.78236665,1747595431585,6.255983353,4.399278641,5.830301285,-0.0662843138,-0.3175406456,-0.0169203449,-0.2598624761,-0.06073941031,677966.5545,-4737858.661,240.2,113.31329,-106.0410063,-17.82451561,7.472309619,7.437798437,1.358392663,1.932740975,1020.648811,19.32740975,0.5450431025,114.674055,-0.6688995503
69031700,-81.85633941,41.39874578,241.05,18.04413887,1747595431676,6.735058308,6.161556959,6.781656265,-0.1578737721,-0.3609446138,-0.3651959086,-0.2215031122,-0.03771305266,677964.8507,-4737857.887,240.25,111.609521,-105.2667178,-17.03769016,7.742884336,8.205498964,2.24505747,1.871457036,1022.520268,18.71457036,0.6704314914,81.40122627,-0.3327282876
69031800,-81.85635878,41.39875285,241.1,17.3059111,1747595431766,7.214133263,7.923835278,7.733011246,-0.2494632304,-0.404348582,-0.7134714723,-0.1831437482,-0.014686695,677963.2516,-4737857.071,240.3,110.0104303,-104.4507312,-15.99090649,8.159865895,8.598258646,2.980020968,1.795250684,1024.315518,17.95250684,0.6465957442,61.87409694,-0.1952712933
69031900,-81.85637647,41.39876052,241.1,16.85319999,1747595431880,8.469741821,7.251385689,8.161532402,-0.08572404087,-0.4049461782,-0.4508260787,-0.124053915,0.04361694379,677961.7722,-4737856.215,240.3,108.5310317,-103.5952704,-14.79398652,8.55460844,8.923460359,3.782959256,1.708927625,1026.024446,17.08927625,0.2360762614,47.33945902,-0.1453463792
69032000,-81.85639259,41.39876884,241.1,16.43907221,1747595431985,8.156358242,8.283076763,8.642838478,-0.06683035381,-0.08727142215,-0.2718581632,-0.07689476701,0.07355724148,677960.3742,-4737855.316,240.3,107.1329568,-102.6958875,-13.98074821,8.993829014,9.050718933,4.356322158,1.66237866,1027.686825,16.6237866,0.1847143875,40.42288473,-0.06916574284
69032100,-81.85640872,41.39877717,241.1,16.02494443,1747595432090,7.842974663,9.314767838,9.124144554,-0.04793666676,0.2304033339,-0.0928902477,-0.02973561899,0.1034975392,677959.0766,-4737854.362,240.3,105.8353899,-101.742575,-12.97566906,9.533125181,8.952322237,4.833817618,1.610119447,1029.296944,16.10119447,0.07625003715,35.21021573,-0.05212669008
69032200,-81.85642322,41.39878622,241.1,15.54136665,1747595432193,0.8219408989,5.714985371,7.293569088,0.02403715067,0.04791514575,0.1820646077,-0.004244485221,0.1204420936,677957.8745,-4737853.354,240.3,104.6333264,-100.7340356,-12.02063535,10.08539409,8.699741033,5.166518354,1.56911073,1030.866055,15.6911073,0.1497406485,32.13441317,-0.03075802555
69032300,-81.85643657,41.39879572,241.1,15.20183332,1747595432313,3.214287996,8.070931435,8.385017395,0.06467829645,0.08385040611,-0.009350524284,0.05779820374,0.1266532678,677956.742,-4737852.305,240.3,103.5007704,-99.68490996,-11.32555987,10.49125616,8.435344228,5.409882549,1.543809451,1032.409864,15.43809451,0.2362611916,30.58099167,-0.01553421497
69032400,-81.85644853,41.39880587,241.1,15.16839443,1747595432394,2.58578229,8.021294117,8.799843788,-0.00553381443,0.01919985749,-0.2090337505,0.08250338254,0.1261894468,677955.6857,-4737851.197,240.3,102.4445337,-98.57703627,-10.562367,11.07873684,8.013499986,5.388508676,1.530692675,1033.940557,15.30692675,0.1385323169,30.62039653,0.0003940485601
69032500,-81.85646048,41.39881602,241.1,15.13495554,1747595432475,1.957276583,7.971656799,9.214670181,-0.07574592531,-0.04545069113,-0.4087169766,0.1072085613,0.1257256259,677954.7065,-4737850.03,240.3,101.4653114,-97.40985855,-9.792223362,11.67177728,7.439184498,5.397887001,1.523542002,1035.464099,15.23542002,0.1004644824,31.48033381,0.008599372759
69032600,-81.85647203,41.39882698,241,15.29443332,1747595432582,1.948341846,6.554075241,9.420751572,-0.0772196129,-0.09834246337,-0.1293576807,0.1344393696,0.1273381787,677953.7851,-4737848.813,240.2,100.5439193,-96.19338433,-9.213920564,12.16474216,6.977576218,5.368843243,1.52603173,1036.990131,15.2603173,-0.03411602058,32.89598687,0.01415653062
69032700,-81.85648192,41.3988387,241,15.45133888,1747595432678,3.356566906,7.660171032,9.171970844,-0.08999186754,-0.2098482028,-0.6986085698,0.1648496441,0.1224730166,677952.9136,-4737847.547,240.2,99.67243369,-94.92687233,-8.714856367,12.66512003,6.511455282,5.260974191,1.537380847,1038.527512,15.37380847,-0.07753040732,35.23730846,0.02341321589
69032800,-81.8564918,41.39885042,241,15.60824443,1747595432774,4.764791965,8.766266823,8.923190117,-0.1027641222,-0.3213539422,-1.267859459,0.1952599186,0.1176078545,677952.1026,-4737846.222,240.2,98.86141962,-93.60179758,-8.110140699,13.25074748,6.114214762,5.132537035,1.553565869,1040.081077,15.53565869,-0.07258573944,38.07595501,0.02838646552
69032900,-81.85650077,41.39886282,241,15.79344443,1747595432864,3.194175243,7.182584286,8.705412865,0.06185368821,0.3459998965,0.4327646792,0.2200356316,0.1302476277,677951.3572,-4737844.849,240.2,98.11602067,-92.22890894,-7.453989447,13.72888634,5.985497417,5.098876796,1.562191662,1041.643269,15.62191662,-0.1715278131,39.52439222,0.0144843721
69033000,-81.8565091,41.3988756,241,15.90662221,1747595432979,2.488940716,8.163690567,8.674093246,-0.1416777968,-0.2013084888,0.1997276545,0.2543641369,0.1195911728,677950.6687,-4737843.433,240.2,97.4274789,-90.81339553,-6.885417702,14.15513416,5.985447426,4.906214999,1.574092754,1043.217362,15.74092754,-0.1656946637,41.03103695,0.0150664473
69033100,-81.85651672,41.39888872,241,15.94263332,1747595433098,2.254404068,8.637407303,8.335020065,-0.07022150606,-0.1625556648,-0.2309710532,0.2910337325,0.1218354685,677950.037,-4737841.975,240.2,96.79579431,-89.35525733,-6.316845963,14.58138198,6.02959233,4.599855972,1.589085408,1044.806447,15.89085408,-0.05177924346,42.79917087,0.01768133916
69033200,-81.85652319,41.39890235,241,16.11239999,1747595433202,2.341454387,8.772207737,8.566781998,-0.08686738834,-0.1379085034,-0.4512109533,0.3244003152,0.1295364998,677949.4673,-4737840.477,240.2,96.22611044,-87.85745955,-5.696838633,14.97797778,6.197941929,4.291346289,1.60247867,1046.408926,16.0247867,-0.08761328693,43.80635763,0.01007186764
69033300,-81.85652967,41.39891598,241,16.28216665,1747595433306,2.428504705,8.907008171,8.79854393,-0.1035132706,-0.113261342,-0.6714508533,0.3577668978,0.1372375311,677948.9644,-4737838.942,240.2,95.72315382,-86.32259675,-5.029566174,15.34862806,6.430409343,3.934908905,1.615168472,1048.024094,16.15168472,-0.130481934,44.42561435,0.006192567167
69033400,-81.85653492,41.39893017,241,16.47765554,1747595433373,2.162423134,7.753020287,8.684687614,-0.08443710953,0.07868951559,-0.107388474,0.3689489037,0.1397057663,677948.5331,-4737837.36,240.2,95.291929,-84.73992006,-4.312248279,15.82676691,6.534427534,3.133291351,1.640372019,1049.664466,16.40372019,-0.07393535219,47.21663593,0.02791021581
69033500,-81.85653925,41.39894462,241,16.48279999,1747595433499,3.082350731,7.901798248,8.842057228,-0.02471682243,-0.07867220789,-0.5265066028,0.3878080706,0.138650946,677948.1546,-4737835.741,240.2,94.91339089,-83.12091964,-3.785381065,16.19000419,6.757487913,2.844919622,1.662664565,1051.327131,16.62664565,0.1438456618,47.89298306,0.006763471351
69033600,-81.85654257,41.39895988,240.9,16.64742221,1747595433584,2.637496948,7.627901554,8.911643028,0.02513939235,0.05106600001,-0.6728703976,0.400407048,0.144344188,677947.8574,-4737834.088,240.1,94.61617661,-81.46856069,-2.972142752,16.52358945,7.01926711,2.581102392,1.678876531,1053.006007,16.78876531,0.141343104,47.95638856,0.0006340549449
69033700,-81.85654588,41.39897515,240.8,16.81204443,1747595433668,2.192643166,7.35400486,8.981228828,0.07499560714,0.1808042079,-0.8192341924,0.4130060254,0.1500374299,677947.635,-4737832.412,240,94.39375246,-79.79248013,-2.224241537,16.76080562,7.211979569,2.353526287,1.690774543,1054.696782,16.90774543,0.09570099947,48.05545871,0.0009907015676
69033800,-81.85654748,41.39899028,240.8,16.9818111,1747595433778,2.393939972,6.875677586,8.224315643,-0.2148497105,-0.08536472917,0.3773291707,0.4192808698,0.1511326476,677947.4859,-4737830.717,240,94.24472828,-78.0967551,-1.490241829,16.95725027,7.302787014,2.171472642,1.702260724,1056.399043,17.02260724,0.04079614433,48.69822926,0.006427705422
69033900,-81.85654825,41.39900553,240.8,16.98695554,1747595433910,2.864770651,6.705201149,8.747387886,-0.01996174827,0.09548649192,-0.2692165077,0.4328610829,0.1485820775,677947.4067,-4737829.02,240,94.16548967,-76.39991813,-0.7923860475,16.96836978,7.427373443,2.377747597,1.698686106,1058.097729,16.98686106,-0.00009447987037,48.06496523,-0.006332640226
69034000,-81.85654818,41.39902087,240.8,17.12585554,1747595433993,2.84656167,7.435712337,8.894124031,-0.1090708748,-0.0737702772,-0.5224760175,0.4395619398,0.1515741181,677947.4167,-4737827.322,240,94.17549876,-74.70233985,0.1000908692,16.97578277,7.570642157,2.13958752,1.697607784,1059.795337,16.97607784,-0.1497777055,47.82564297,-0.002393222668
69034100,-81.85654732,41.39903618,240.8,17.00238887,1747595434105,2.913239241,9.788629532,10.27828503,-0.04425117373,-0.3096085191,-2.039717674,0.4618725985,0.153697141,677947.4873,-4737825.621,240,94.24611843,-73.00105507,0.706196687,17.01284783,7.5078286,1.740499319,1.70274985,1061.498086,17.0274985,0.02510962188,48.96127114,0.01135628172
69034200,-81.85654528,41.39905148,240.75,17.06926665,1747595434190,2.787078142,10.1804924,10.21950531,-0.0983357802,-0.1845661197,-1.176878825,0.4778483606,0.1549568345,677947.6286,-4737823.917,239.95,94.38735777,-71.29717573,1.412393376,17.03879332,7.411935904,1.247445987,1.709723173,1063.20781,17.09723173,0.0279650804,50.36658362,0.01405312485
69034300,-81.85654325,41.39906678,240.7,17.13614443,1747595434274,2.660917044,10.57235527,10.16072559,-0.1524203867,-0.05952372029,-0.3140399754,0.4938241227,0.1562165281,677947.8418,-4737822.209,239.9,94.60060692,-69.58921925,2.132491572,17.07956486,7.281591641,0.6480321509,1.721217756,1064.929027,17.21217756,0.076033127,52.06237314,0.01695789518
69034400,-81.85653978,41.39908215,240.7,17.54769998,1747595434383,-1.116848469,5.601900578,9.628634453,-0.07665893435,-0.2507121563,0.7128449082,0.5038482051,0.143645695,677948.1282,-4737820.445,239.9,94.88697802,-67.82566522,2.863710979,17.63554028,7.093296399,-0.2152594863,1.786653636,1066.715681,17.86653636,0.3188363785,57.13636238,0.05073989236
69034500,-81.8565354,41.39909767,240.7,17.7689111,1747595434493,8.294694901,6.791182518,8.478187561,-0.2784852684,0.05066856369,1.260896206,0.4905541715,0.1361322185,677948.482,-4737818.672,239.9,95.24077144,-66.05173298,3.537934194,17.73932234,6.726753716,-0.8193927766,1.808868529,1068.52455,18.08868529,0.3197741959,61.04447744,0.03908115066
69034600,-81.85653015,41.39911548,240.7,18.11873332,1747595434597,6.352360249,2.787318945,8.177451134,-0.3559381962,-0.2848702669,0.7006543279,0.4707095884,0.1471323659,677948.9032,-4737816.887,239.9,95.66198718,-64.26742254,4.21215741,17.84310444,6.049856088,-1.362912223,1.833353883,1070.357903,18.33353883,0.2148055167,68.40378125,0.07359303803
69034700,-81.85652408,41.39913125,240.7,18.15988887,1747595434681,7.317638159,3.290236712,9.202932835,-0.2345221303,-0.2197173461,0.3328547925,0.4702441625,0.172632809,677949.38,-4737815.108,239.9,96.13880896,-62.48867185,4.768217794,17.78750689,5.359456856,-1.946877237,1.841551797,1072.199455,18.41551797,0.2556290997,75.36585048,0.06962069238
69034800,-81.856518,41.39914702,240.7,18.20104443,1747595434764,8.282916069,3.793154478,10.22841454,-0.1131060645,-0.1545644253,-0.03494474292,0.4697787366,0.1981332522,677949.9058,-4737813.348,239.9,96.66456405,-60.72845368,5.257550931,17.60218176,4.447465112,-2.524662746,1.837059184,1074.036514,18.37059184,0.1695474105,85.46730302,0.1010145253
69034900,-81.8565112,41.39916213,240.7,17.6763111,1747595434876,5.228727341,-1.248905897,9.428925514,-0.1248967424,0.003842042759,0.7438772917,0.4390777442,0.2407794409,677950.4705,-4737811.672,239.9,97.22924337,-59.05200246,5.646793199,16.76451212,3.400234718,-2.87779226,1.768997287,1075.805512,17.68997287,0.0136617696,95.09788446,0.09630581436
69035000,-81.85650388,41.39917682,240.7,17.22874443,1747595435014,4.92411375,-4.195409298,9.114038467,-0.01507030614,0.09790502489,-0.04062652588,0.3810872759,0.2629362132,677951.0596,-4737810.053,239.9,97.81838935,-57.43318737,5.891459765,16.18815094,2.165059005,-3.532470415,1.722688391,1077.5282,17.22688391,-0.001860524153,114.9259356,0.198280511
69035100,-81.8564963,41.39919087,240.7,16.52395554,1747595435084,3.477205992,-5.232707024,10.0258913,0.06430089474,0.2446742207,0.1304319352,0.3516637813,0.2742645984,677951.6732,-4737808.492,239.9,98.43200198,-55.87200839,6.136126338,15.61178975,1.090993564,-4.122639227,1.6774386,1079.205639,16.774386,0.2504304556,139.723528,0.2479759249
69035200,-81.85648876,41.39920404,240.7,15.96835554,1747595435167,3.277319789,-6.028769016,9.704904079,0.01828312129,0.2617886886,0.347567223,0.3039353656,0.285249922,677952.291,-4737806.989,239.9,99.04978507,-54.36939216,6.177830865,15.02616231,-0.2000699442,-4.55287948,1.624657343,1080.830296,16.24657343,0.2782178835,213.3612986,0.7363777053
69035300,-81.85648122,41.39921722,240.7,15.41275554,1747595435250,3.077433586,-6.824831009,9.383916855,-0.02773465216,0.2789031565,0.5647025108,0.25620695,0.2962352456,677952.8918,-4737805.543,239.9,99.65060832,-52.92348542,6.00823245,14.45906739,-1.426983825,-4.868313916,1.565769737,1082.396066,15.65769737,0.2449418265,555.1373682,3.417760697
69035400,-81.85647417,41.3992297,240.7,14.74912221,1747595435351,0.598641932,-7.07199049,9.822590828,-0.00343566318,-0.06455113739,0.1369621605,0.2061547742,0.2890667962,677953.4529,-4737804.119,239.9,100.2116732,-51.49870575,5.610649273,14.24779674,-2.607962282,-5.074867524,1.531271032,1083.927337,15.31271032,0.5635881063,-514.3038916,-10.6944126
69035500,-81.85646787,41.39924183,240.7,14.23982221,1747595435467,3.057459593,-6.418108463,9.53758049,-0.0002532342914,0.06066753715,1.076620102,0.1488362102,0.2871775145,677953.9685,-4737802.728,239.9,100.7272802,-50.10784058,5.156069912,13.90865171,-3.700878154,-4.652394064,1.483359867,1085.410697,14.83359867,0.5937764574,-147.3415674,3.669623242
69035600,-81.85646267,41.39925493,240.7,13.59162221,1747595435574,1.148289204,-6.903988838,9.409176826,-0.005542175844,0.1388695687,0.03793157265,0.1050069511,0.2795631705,677954.4242,-4737801.38,239.9,101.1829717,-48.76052681,4.556914844,13.47313765,-4.713111642,-4.224855824,1.422290094,1086.832987,14.22290094,0.6312787295,-80.40981173,0.6693175566
69035700,-81.85645785,41.39926658,240.7,13.30353332,1747595435686,-0.231851548,-8.020214081,9.741625786,0.07743997872,0.1048014909,0.3262043297,0.05332313871,0.2681379416,677954.8154,-4737800.063,239.9,101.5741602,-47.44286507,3.911884804,13.17661742,-5.592378719,-3.61459751,1.374503872,1088.207491,13.74503872,0.4415053936,-53.77952489,0.2663028685
69035800,-81.8564539,41.3992778,240.7,12.77365554,1747595435793,-0.3139544725,-7.626361847,9.410902023,-0.003746065777,-0.03369051591,0.5520567894,0.014237819,0.2533290836,677955.1412,-4737798.769,239.9,101.9000116,-46.14966625,3.25851385,12.93198824,-6.359592986,-2.944506894,1.333620007,1089.541111,13.33620007,0.5625445264,-40.16783359,0.136116913
69035900,-81.85645072,41.39928895,240.8,12.63989999,1747595435888,-0.4932869375,-7.825926781,9.803170204,-0.03897938505,-0.05741373822,0.7963470221,-0.02396600387,0.2412515037,677955.3974,-4737797.526,240,102.1562164,-44.90576391,2.562048221,12.43902337,-6.991305034,-2.20887694,1.27001336,1090.811124,12.7001336,0.06023361014,-30.87508996,0.09292743623
69036000,-81.85644833,41.39929998,240.8,12.20262221,1747595436005,-0.8192905784,-8.273958206,9.772884369,0.009932001121,0.02105624788,0.8701794147,-0.06782019675,0.2203371656,677955.5904,-4737796.299,240,102.3491694,-43.67891149,1.929529534,12.26852423,-7.335420795,-1.972358698,1.241933053,1092.053057,12.41933053,0.2167083219,-27.18756114,0.03687528827
69036100,-81.85644731,41.39931087,240.8,12.03799999,1747595436089,-2.222587675,-8.099326611,10.00660706,0.03612361709,0.1062892815,0.825148344,-0.09372676854,0.2074385567,677955.7108,-4737795.083,240,102.4695564,-42.46354922,1.203870733,12.15362265,-7.588283758,-1.702446768,1.22131015,1093.274367,12.2131015,0.1751015086,-24.6794161,0.02508145037
69036200,-81.85644628,41.39932175,240.8,11.87337777,1747595436172,-3.625884771,-7.924695015,10.24032974,0.06231523305,0.1915223151,0.7801172733,-0.1196333403,0.1945399479,677955.755,-4737793.882,240,102.5137632,-41.26190102,0.4420680052,12.01648205,-7.719000664,-1.567908845,1.20246108,1094.476828,12.0246108,0.151233032,-23.04293743,0.01636478665
69036300,-81.85644668,41.39933245,240.8,11.96083332,1747595436280,-2.326187134,-6.817807198,9.040267944,0.1039845496,0.1506223083,1.285909414,-0.1483135196,0.1651081091,677955.7197,-4737792.693,240,102.4784534,-40.07322557,-0.3530983429,11.88675446,-7.717991796,-1.499667502,1.189199773,1095.666028,11.89199773,-0.06883559704,-22.21865223,0.008242852013
69036400,-81.85644807,41.39934298,240.8,11.6110111,1747595436390,-4.640916824,-7.519850731,9.975649834,0.03713992983,0.01868714578,0.3321386278,-0.1755216935,0.1260842104,677955.6037,-4737791.511,240,102.3625148,-38.89085118,-1.159385903,11.8237439,-7.697350848,-1.47034506,1.188045014,1096.854073,11.88045014,0.2694390354,-22.04599396,0.001726582702
69036500,-81.85645045,41.39935343,240.8,11.98655555,1747595436497,-4.199221134,-7.504114628,8.829474449,0.1223114803,0.1224691123,0.4716186225,-0.2050496367,0.1001441209,677955.4072,-4737790.335,240,102.1659475,-37.71477785,-1.965673455,11.76073336,-7.870058587,-1.359392305,1.192387191,1098.04646,11.92387191,-0.06268363597,-21.70663484,0.003393591242
69036600,-81.85645426,41.39936403,240.8,12.00713332,1747595436581,-3.661460876,-7.194856167,9.129528999,0.1170960143,0.2324661091,0.7856560796,-0.22192568,0.08040962615,677955.13,-4737789.174,240,101.8887514,-36.55427182,-2.771961016,11.60506024,-8.014327079,-1.381432625,1.19315209,1099.239612,11.9315209,-0.07561242013,-21.38878553,0.003178493064
69036700,-81.85645807,41.39937463,240.8,12.0277111,1747595436664,-3.123700619,-6.885597706,9.429583549,0.1118805483,0.3424631059,1.099693537,-0.2388017233,0.06067513143,677954.7771,-4737788.029,240,101.535931,-35.40933311,-3.528203134,11.44938712,-8.077127005,-1.537804859,1.198067956,1100.43768,11.98067956,-0.04703153812,-21.42511392,-0.0003632838866
69036800,-81.8564633,41.39938463,240.8,11.89909999,1747595436775,-4.519255638,-6.86545229,9.398375511,-0.06589288265,-0.1728491783,0.2427043468,-0.2575681292,0.03084661768,677954.3498,-4737786.902,240,101.1085986,-34.28218561,-4.273324054,11.27147499,-8.244935808,-1.728715804,1.205435386,1101.643116,12.05435386,0.155253872,-21.30767254,0.001174413777
69036900,-81.85646922,41.39939447,240.8,12.12545555,1747595436889,-5.455297947,-6.746341705,9.844161034,0.01359536871,-0.2833859622,0.4365512133,-0.2790973503,-0.00528597664,677953.8542,-4737785.802,240,100.6130098,-33.18172493,-4.955888173,11.00460678,-8.364173407,-2.059417284,1.206905953,1102.850022,12.06905953,-0.05639601093,-20.98398433,0.003236882142
69037000,-81.85647607,41.39940412,240.8,12.20776666,1747595437011,-5.933606625,-8.240720749,9.691977501,0.1290701926,0.006328923162,0.1379870027,-0.3058211354,-0.03612958884,677953.2706,-4737784.733,240,100.0294245,-32.11314018,-5.83585373,10.68584755,-8.314684214,-2.566974309,1.21755709,1104.067579,12.1755709,-0.0321957605,-21.23169017,-0.002477058414
69037100,-81.85648397,41.39941352,240.8,12.56273332,1747595437094,-4.086011887,-7.099566936,10.25407314,-0.06873318553,0.05651419982,1.177830935,-0.324642584,-0.05246827662,677952.5964,-4737783.695,240,99.35520124,-31.07569005,-6.742232157,10.37450131,-8.262481976,-3.157143104,1.237287242,1105.304866,12.37287242,-0.1898609037,-21.64730666,-0.004156164902
69037200,-81.85649305,41.39942268,240.8,12.87654443,1747595437213,-6.330074787,-8.600304604,9.934288025,-0.08503361791,-0.3973946273,0.2295470089,-0.3466047479,-0.07565853012,677951.843,-4737782.685,240,98.60173942,-30.06566804,-7.534618204,10.10022011,-8.149970183,-3.698324015,1.260098876,1106.564965,12.60098876,-0.2755556751,-22.24005104,-0.005927443765
69037300,-81.85650372,41.39943128,240.8,13.08489443,1747595437294,-5.617145777,-9.378878117,10.43802071,0.005576532334,-0.03270184994,1.054422133,-0.3683202476,-0.08861842312,677951.0002,-4737781.713,240,97.75902991,-29.09271106,-8.427095119,9.729569815,-8.015154173,-4.326914898,1.287169223,1107.852134,12.87169223,-0.2132022007,-22.85978517,-0.006197341294
69037400,-81.85651438,41.39943988,240.8,13.29324443,1747595437374,-4.904216766,-10.15745163,10.94175339,0.09618668258,0.3319909275,1.879297256,-0.3900357473,-0.1015783161,677950.0638,-4737780.794,240,96.82262422,-28.17461031,-9.364056865,9.181007408,-7.705058254,-4.89089946,1.311397949,1109.163532,13.11397949,-0.1792649455,-23.77669592,-0.009169107551
69037500,-81.85652658,41.39944787,240.8,13.5093111,1747595437493,-6.529708862,-8.497927666,10.1035738,-0.06936775148,0.04614378139,0.1742019802,-0.4192200793,-0.1262188481,677949.0535,-4737779.926,240,95.8122625,-27.30617671,-10.10361718,8.68433604,-7.659477304,-5.671700511,1.332294159,1110.495826,13.32294159,-0.1863695123,-23.49470445,0.002819914741
69037600,-81.8565401,41.3994548,240.75,13.67393332,1747595437574,-6.130189896,-8.690802097,10.49927235,-0.08991132677,-0.04420820065,0.7144894674,-0.4347788212,-0.1362472015,677947.9769,-4737779.115,239.95,94.7357296,-26.4951939,-10.76532903,8.109828113,-7.461638684,-6.298522347,1.347819058,1111.843645,13.47819058,-0.195742744,-23.49507314,-0.000003686871865
69037700,-81.85655362,41.39946173,240.7,13.83855554,1747595437654,-5.730670929,-8.883676529,10.89497089,-0.1104549021,-0.1345601827,1.254776955,-0.4503375632,-0.1462755549,677946.8209,-4737778.375,239.9,93.57968006,-25.75537594,-11.56049538,7.398179574,-7.34063784,-6.998468566,1.372509069,1113.216154,13.72509069,-0.1134648515,-23.57914487,-0.0008407173269
69037800,-81.85656825,41.39946775,240.7,14.07519999,1747595437786,-5.994302273,-7.391921043,9.964857101,-0.05799403414,-0.01304379851,0.7231827974,-0.4719957793,-0.1770156959,677945.6053,-4737777.713,239.9,92.36413206,-25.09302389,-12.15547999,6.623520479,-7.050210351,-7.592720682,1.384293023,1114.600447,13.84293023,-0.2322697549,-23.55036269,0.0002878218269
69037900,-81.85658368,41.39947315,240.7,14.13178888,1747595437897,-7.160619736,-7.593979836,10.35779476,-0.055912029,-0.3667173684,0.3605605662,-0.4827138007,-0.2018203839,677944.3381,-4737777.122,239.9,91.09687044,-24.50220735,-12.67261615,5.908165453,-6.890976948,-8.140705121,1.398218936,1115.998666,13.98218936,-0.1495995213,-23.46280807,0.0008755461718
69038000,-81.85659945,41.39947765,240.7,14.40444443,1747595437987,-4.890517235,-6.029970169,7.618649006,0.2585266531,0.8214293718,0.8775786757,-0.4871564211,-0.2134321242,677943.0033,-4737776.629,239.9,89.76204749,-24.00924248,-13.34822952,4.929648712,-6.252852664,-8.316894265,1.422942963,1117.421609,14.22942963,-0.1750147985,-25.11991705,-0.01657108977
69038100,-81.85661607,41.39948137,240.6,14.59478888,1747595438098,-4.82544136,-5.559865952,10.74064159,0.1168985367,-0.3078708649,-1.624040246,-0.487996218,-0.2488934851,677941.6195,-4737776.214,239.8,88.37829123,-23.59374352,-13.83756266,4.154989626,-5.703204517,-8.298585901,1.444790916,1118.8664,14.44790916,-0.1468797164,-26.95621055,-0.01836293504
69038200,-81.85663363,41.3994839,240.6,14.90602776,1747595438185,-5.140288353,-3.950884223,10.09113932,0.006984375417,-0.3830423206,-0.8002901226,-0.4788843568,-0.2602117799,677940.1843,-4737775.886,239.8,86.94309938,-23.26608867,-14.35191851,3.276548469,-5.07131524,-8.022009802,1.47211866,1120.338519,14.7211866,-0.1848411646,-30.02762822,-0.03071417674
69038300,-81.8566512,41.39948643,240.6,15.21726665,1747595438272,-5.455135345,-2.341902494,9.441637039,-0.1029297858,-0.4582137764,0.02346000075,-0.4697724956,-0.2715300746,677938.7027,-4737775.643,239.8,85.46147648,-23.02331274,-14.81622893,2.427759329,-4.293721416,-7.46216915,1.501381547,1121.8399,15.01381547,-0.203451179,-34.74239863,-0.04714770408
69038400,-81.85666972,41.39948788,240.6,15.62367776,1747595438370,-1.893887162,-1.679739833,8.875902176,0.3356536031,-0.07457512617,-0.2452049106,-0.4387346318,-0.2780926116,677937.1518,-4737775.5,239.8,83.91062407,-22.88024173,-15.50852411,1.430710079,-3.261996726,-6.57216622,1.557437804,1123.397338,15.57437804,-0.04929972016,-44.14709544,-0.09404696805
69038500,-81.85668827,41.39948857,240.6,15.7780111,1747595438482,3.672841549,-0.4401161671,9.348374367,-0.03246028721,0.1924048364,0.8066784739,-0.4178082478,-0.2784570322,677935.5746,-4737775.415,239.8,82.33335879,-22.79536281,-15.77265279,0.8487891406,-2.666308631,-5.87269256,1.579547464,1124.976886,15.79547464,0.01746354068,-51.79111866,-0.07644023227
69038600,-81.85670903,41.3994878,240.3,15.82945554,1747595438604,2.037069321,-2.16202116,10.47882271,0.003547197673,0.0272262115,1.279227853,-0.3891494743,-0.2419026636,677933.9634,-4737775.391,239.5,80.72217383,-22.7716412,-16.11184963,0.2372161765,-1.941912282,-4.963236249,1.611359581,1126.588245,16.11359581,0.2841402687,-64.97523393,-0.1318411527
69038700,-81.85672818,41.39948772,240.3,16.21014443,1747595438688,3.995219469,0.2346681356,10.32154655,-0.118663542,-0.1893224567,-0.1399978995,-0.375044568,-0.2151488966,677932.3444,-4737775.405,239.5,79.10320402,-22.78498461,-16.18969808,-0.1334340964,-1.102727363,-3.990112649,1.619024795,1128.20727,16.19024795,-0.01989648378,-82.27487419,-0.1729964026
69038800,-81.85674778,41.3994875,240.3,16.23072221,1747595438799,4.94314146,0.3745305538,10.05741787,0.08616358787,-0.07003378123,-0.5672921538,-0.3591215133,-0.1929942852,677930.7196,-4737775.438,239.5,77.47839558,-22.81797248,-16.24808442,-0.3298787493,-0.3273512384,-2.994833661,1.625143278,1129.832413,16.25143278,0.02071057203,-110.4933849,-0.2821851067
69038900,-81.85676677,41.39948728,240.2,15.86032221,1747595438898,6.599807262,-0.7375125885,9.131351471,0.188534826,0.0309564732,0.3140485883,-0.3394794439,-0.1473351911,677929.1386,-4737775.455,239.4,75.89737689,-22.83520772,-15.81018687,-0.1723523811,0.2879598422,-2.195506164,1.581112628,1131.413526,15.81112628,-0.04919593201,-141.8120935,-0.3131870863
69039000,-81.85678567,41.39948708,240.2,15.75743332,1747595439013,5.566745758,1.294299603,7.680928707,-0.1125689298,0.07896933705,-0.2479423434,-0.3295202552,-0.1327818701,677927.5744,-4737775.472,239.4,74.33317903,-22.85188698,-15.6419786,-0.1667926274,1.261965316,-1.118633202,1.564286785,1132.977813,15.64286785,-0.1145654741,-269.3530553,-1.275409618
69039100,-81.85680381,41.39948703,240.2,15.33558888,1747595439092,6.67086792,0.608269453,7.952426672,-0.1588499472,0.05014416296,0.577027671,-0.3158470379,-0.1199086208,677926.0419,-4737775.482,239.4,72.80067661,-22.86189454,-15.32502418,-0.1000755839,2.061318025,-0.2890381469,1.532535094,1134.510348,15.32535094,-0.01023793813,-965.9152766,-6.965622213
69039200,-81.85682195,41.39948697,240.2,14.91374443,1747595439170,7.774990082,-0.07776069641,8.223924637,-0.2051309645,0.02131898887,1.401997685,-0.3021738206,-0.1070353715,677924.543,-4737775.482,239.4,71.30181585,-22.86263584,-14.98860765,-0.007413001731,2.897521776,0.594627732,1.498860948,1136.009209,14.98860948,0.07486505174,470.3123645,14.36227641
69039300,-81.85683965,41.39948705,240.1,14.39415554,1747595439277,2.07136941,0.04863256216,9.353398323,0.02108825371,0.1054262072,-1.492420077,-0.2732308234,-0.06209321709,677923.0834,-4737775.471,239.3,69.84215734,-22.85151633,-14.59658508,0.1111950912,3.588961684,1.327398125,1.459700861,1137.46891,14.59700861,0.2028530671,194.9063514,-2.75406013
69039400,-81.85685662,41.39948725,240.1,14.28097777,1747595439362,4.877281189,1.976825953,9.641360283,-0.08013621718,-0.02283004299,-0.2639435828,-0.2537829496,-0.03112477938,677921.618,-4737775.474,239.3,68.37679921,-22.85429621,-14.65358127,-0.02779877745,4.22368671,1.940055537,1.465360764,1138.93427,14.65360764,0.3726298716,137.7681069,-0.5713824457
69039500,-81.85687317,41.39948758,240.1,13.42185554,1747595439474,2.665090084,1.17170167,10.06045628,0.02587239817,-0.1719813347,-1.617188215,-0.2261831896,0.001049438352,677920.1959,-4737775.46,239.3,66.95467478,-22.83984085,-14.22124432,0.1445536036,4.374344715,2.067184107,1.422197897,1140.356468,14.22197897,0.8001234253,118.4562124,-0.1931189442
69039600,-81.85689165,41.3994869,239.9,13.27266666,1747595439588,7.801534653,2.728595972,8.647788048,-0.1570580304,-0.1513920873,-0.06398782134,-0.2147336974,0.01788579664,677918.8233,-4737775.427,239.1,65.58203972,-22.80759427,-13.72635058,0.3224657476,4.652565777,2.274343549,1.373013781,1141.729482,13.73013781,0.4574711593,97.55336246,-0.2090284998
69039700,-81.8569072,41.39948762,239.8,12.54215554,1747595439712,6.189807892,2.71935153,9.28690815,-0.05426010862,-0.09249330312,-0.2181571126,-0.1892294782,0.04557745956,677917.4983,-4737775.372,239,64.25708684,-22.75218206,-13.2495288,0.5541221611,4.671716138,2.289465207,1.3261111,1143.055593,13.261111,0.7189554518,87.10563233,-0.1044773013
69039800,-81.85692193,41.3994885,239.8,12.42383332,1747595439793,7.519624233,3.197178841,9.090016365,0.08836161345,0.3212620914,-0.2217522115,-0.1664355779,0.07872363575,677916.2141,-4737775.296,239,62.97286539,-22.6765694,-12.84221457,0.756126577,4.635787623,2.215310933,1.2864455,1144.342039,12.864455,0.4406216777,81.73163595,-0.05373996378
69039900,-81.85693604,41.39948974,239.8,12.02256666,1747595439884,7.138648272,3.257075787,9.425156593,0.03493019752,0.2130100392,-0.1014082311,-0.1454030869,0.1020800275,677915.0152,-4737775.168,239,61.7739992,-22.5483244,-11.98866188,1.28244997,4.442638893,2.17555599,1.205705982,1145.547745,12.05705982,0.03449316828,67.30959041,-0.1442204554
69040000,-81.85695015,41.39949098,239.8,11.62129999,1747595439974,6.75767231,3.316972733,9.760296822,-0.01850121841,0.104757987,0.01893574931,-0.124370596,0.1254364192,677913.865,-4737775.011,239,60.62378829,-22.39153933,-11.50210904,1.567850681,4.654583519,2.521936492,1.160847398,1146.708592,11.60847398,-0.01282600771,52.42490008,-0.1488469033
69040100,-81.85696352,41.39949267,239.7,10.84448888,1747595440066,2.478929281,2.543822765,10.06240749,0.1375003606,0.04033843428,-0.04575498775,-0.1061144025,0.1425023602,677912.7604,-4737774.825,238.9,59.51917434,-22.20547289,-11.04613953,1.860664394,4.590124867,2.722546855,1.120175301,1147.828767,11.20175301,0.3572641299,44.16238601,-0.08262514072
69040200,-81.85697615,41.39949467,239.7,10.74159999,1747595440175,4.707483768,3.254103184,10.19084167,0.07896425575,0.1904844791,-0.3490979075,-0.08335356964,0.167183631,677911.6979,-4737774.611,238.9,58.45668196,-21.99105171,-10.62492379,2.144211866,4.592542522,2.931475354,1.083912589,1148.91268,10.83912589,0.09752589848,37.58902924,-0.06573356772
69040300,-81.85698815,41.39949687,239.7,10.13969999,1747595440274,3.000882864,3.062113762,9.985230446,-0.07967441529,-0.151166752,-0.8551205993,-0.06767637839,0.1734771712,677910.6764,-4737774.376,238.9,57.43519904,-21.75643008,-10.21482926,2.346216273,4.542417104,3.109372962,1.048081426,1149.960761,10.48081426,0.3411142667,32.75322975,-0.04835799484
69040400,-81.85699973,41.39949938,239.7,10.0368111,1747595440384,3.957457542,3.894625187,9.413282394,-0.2066125423,-0.2176484168,-0.1016284525,-0.05259403195,0.1865311222,677909.6836,-4737774.131,238.9,56.44235322,-21.51143025,-9.928458158,2.449998343,4.338479823,3.45403288,1.022627856,1150.983389,10.22627856,0.1894674624,28.67255879,-0.04080670961
69040500,-81.85701138,41.39950153,239.6,9.810455547,1747595440475,3.68037951,3.183326721,9.911549091,-0.09412782546,-0.0915376395,-0.441366747,-0.03906807685,0.1973421606,677908.7296,-4737773.859,238.8,55.48843163,-21.23900229,-9.539215888,2.724279538,3.937094752,3.161741386,0.9920601734,1151.975449,9.920601734,0.1101461869,28.69191162,0.0001935282802
69040600,-81.85702303,41.39950368,239.5,9.584099992,1747595440565,3.403301477,2.472028255,10.40981579,0.01835689135,0.03457313776,-0.7811050415,-0.02554212175,0.208153199,677907.8074,-4737773.558,238.7,54.56620548,-20.93840492,-9.222261469,3.005973771,3.783973647,2.996596634,0.9699793035,1152.945429,9.699793035,0.1156930431,28.05777998,-0.006341316344
69040700,-81.85703333,41.39950692,239.5,9.301155548,1747595440688,3.841903687,2.415361881,9.380589485,-0.1408116072,-0.1227006167,0.1547545642,-0.01219411953,0.2144484238,677906.9161,-4737773.231,238.7,53.67484069,-20.61112072,-8.913647954,3.272841973,3.622863375,2.752275221,0.9495504959,1153.894979,9.495504959,0.1943494115,28.16923906,0.001114590748
69040800,-81.85704343,41.39951038,239.5,9.259999992,1747595440797,3.421888828,2.241371632,10.28895283,-0.0227069743,0.1896951348,-0.7070509791,-0.002985983212,0.2205542312,677906.0636,-4737772.861,238.7,52.82240012,-20.24121174,-8.524405686,3.699089782,3.429651022,2.51769563,0.9292403216,1154.824219,9.292403216,0.03240322354,28.08428929,-0.0008494976497
69040900,-81.85705317,41.3995141,239.5,8.992488881,1747595440880,2.763811588,1.334007025,10.36286354,0.01906567439,-0.05642747506,-0.7663761973,0.001912947635,0.2226578078,677905.2557,-4737772.446,238.7,52.01444438,-19.82571278,-8.079557379,4.154989626,3.326014563,1.974582112,0.9085328075,1155.732752,9.085328075,0.09283919434,30.05121525,0.01966925952
69041000,-81.85706248,41.39951817,239.4,8.858733326,1747595441004,3.019577026,0.9615140557,8.825604439,0.1002969667,-0.1177694425,-0.2520548403,0.01232442579,0.2313740466,677904.4758,-4737772.007,238.6,51.23456969,-19.38686285,-7.798746886,4.388499297,3.338711791,1.989473557,0.8948708235,1156.627623,8.948708235,0.08997490919,28.30641872,-0.01744796531
69041100,-81.85707147,41.39952237,239.4,8.833011103,1747595441101,2.266299963,1.595372319,10.32994556,-0.03418082744,-0.01648752391,-0.4038333595,0.01839280789,0.235079329,677903.7272,-4737771.546,238.6,50.4859734,-18.9257739,-7.485962921,4.61088948,3.150243859,1.833289111,0.8792038595,1157.506827,8.792038595,-0.04097250895,28.6277557,0.003213369808
69041200,-81.85708008,41.39952665,239.4,8.658099993,1747595441212,2.127519131,0.08856570721,9.58788681,-0.08086360991,-0.08523412049,-0.1523176283,0.01773393148,0.2395126618,677903.0038,-4737771.068,238.6,49.76253884,-18.44800569,-7.234345598,4.777682098,2.952405245,1.659099222,0.8669602208,1158.373787,8.669602208,0.01150221593,29.66615992,0.01038404228
69041300,-81.85708831,41.39953112,239.4,8.465183326,1747595441290,2.780931234,0.9758989215,10.14706373,-0.0568032898,-0.08437364548,-0.3784150109,0.01905864962,0.2386608344,677902.3056,-4737770.578,238.6,49.06440503,-17.95800602,-6.981338121,4.899996677,2.677160806,1.48603621,0.8529305329,1159.226718,8.529305329,0.06412200278,31.35328047,0.01687120546
69041400,-81.85709653,41.39953558,239.4,8.27226666,1747595441367,3.434343338,1.863232136,10.70624065,-0.03274296969,-0.08351317048,-0.6045123935,0.02038336776,0.2378090071,677901.6586,-4737770.117,238.6,48.41742877,-17.49691707,-6.469762567,4.61088948,2.443825402,1.214894437,0.7944691905,1160.021187,7.944691905,-0.3275747541,30.94291729,-0.004103631772
69041500,-81.85710433,41.3995402,239.4,8.159088882,1747595441480,2.662459612,0.947167635,10.13200855,0.05715480447,-0.003962434828,-0.9904739857,0.02098860753,0.2374371764,677901.0336,-4737769.649,238.6,47.7924169,-17.02915642,-6.250118716,4.677606523,2.230926439,0.7919120814,0.7806662971,1160.801853,7.806662971,-0.3524259107,36.45001424,0.05507096948
69041600,-81.85711025,41.3995431,239.2,8.004755549,1747595441566,3.591363668,0.148357749,9.410751343,-0.09671392292,0.0006158817559,0.575912714,0.01983617135,0.233908908,677900.426,-4737769.179,238.4,47.18478192,-16.55917187,-6.076349848,4.699845538,2.089084687,0.4627736389,0.7681834127,1161.570037,7.681834127,-0.322921422,42.24901504,0.05799000802
69041700,-81.85711755,41.39954768,239.2,7.917299993,1747595441693,1.702647924,1.06129992,10.25922298,-0.1312386841,-0.1663382351,-0.1256046593,0.02178615902,0.230488342,677899.8368,-4737768.706,238.4,46.59563594,-16.08659276,-5.891459769,4.725791058,1.884211247,0.1698036366,0.7552641878,1162.325301,7.552641878,-0.3646581154,51.13282138,0.0888380634
69041800,-81.85712473,41.39955225,239.2,7.814411104,1747595441798,0.4958202839,-0.4281616211,10.32781029,0.02749192715,-0.1815941185,-0.6408022642,0.02254055717,0.2273961706,677899.2649,-4737768.238,238.4,46.02372784,-15.61772016,-5.71908105,4.68872603,1.748000088,-0.1459700455,0.7395406672,1163.064841,7.395406672,-0.419004432,64.48544024,0.1335261885
69041900,-81.85713185,41.39955683,239.2,7.711522216,1747595441895,3.092504025,1.057698727,9.3276577,-0.0197002925,0.0958834663,0.0486484468,0.02309299756,0.2289159653,677898.6789,-4737767.734,238.4,45.43764019,-15.11437708,-5.860876447,5.033430792,1.630071293,-0.2725897113,0.7725626076,1163.837404,7.725626076,0.01410386048,82.18941711,0.1770397687
69042000,-81.85713862,41.39956128,239.15,7.55461666,1747595441988,1.661399484,0.2846506387,9.235248089,0.03031056933,0.07743615098,-0.272900179,0.02198854097,0.2272238237,677898.1053,-4737767.235,238.35,44.8640639,-14.61548181,-5.735762861,4.988952754,1.503644357,-0.2542450122,0.7601883002,1164.597592,7.601883002,0.04726634201,85.49909843,0.03309681319
69042100,-81.85714538,41.39956573,239.1,7.397711105,1747595442081,0.2302949429,-0.4883974493,9.142838478,0.08032143116,0.05898883566,-0.5944488049,0.02088408437,0.2255316821,677897.5445,-4737766.741,238.3,44.30327701,-14.12140498,-5.607868973,4.94076822,1.288200498,-0.3128535618,0.7473913635,1165.344984,7.473913635,0.07620253,106.3659964,0.2086689802
69042200,-81.85715193,41.39957012,239.1,7.284533327,1747595442200,1.064988971,0.7640861869,9.209124565,0.07826010883,0.1459984481,-0.6272626519,0.01675457874,0.2217104981,677896.9965,-4737766.253,238.3,43.7552795,-13.63288791,-5.479975084,4.885170683,1.117065144,-0.3228013685,0.7341322737,1166.079116,7.341322737,0.05678940999,125.8290676,0.1946307118
69042300,-81.85715835,41.39957447,239.1,7.166211105,1747595442291,3.456899166,1.325582504,10.81979275,-0.2277616113,-0.02557574585,0.9136902094,0.01157894595,0.2169897691,677896.4728,-4737765.775,238.3,43.23160963,-13.15474906,-5.236698664,4.781388594,0.937454365,-0.3275511254,0.7091169846,1166.788233,7.091169846,-0.07504125921,150.728212,0.2489914436
69042400,-81.8571647,41.3995788,239.1,7.027311105,1747595442442,1.529406548,-0.04833227396,9.276909828,-0.007843239233,0.1369936615,0.947350502,0.009132211222,0.2144021861,677895.9735,-4737765.307,238.3,42.73226741,-12.6869884,-4.99342225,4.677606532,0.7089588127,-0.3100970035,0.684209534,1167.472443,6.84209534,-0.1852157651,211.3260454,0.605978334
69042500,-81.85717001,41.39958278,239.05,6.908988883,1747595442499,1.791698933,0.09030221403,9.340743065,0.002767516766,0.1531771123,0.5265253074,0.009604447205,0.2111644554,677895.4844,-4737764.846,238.25,42.2432123,-12.22589946,-4.890551078,4.610889461,0.787923387,-0.6095979323,0.6721442663,1168.144587,6.721442663,-0.1875462202,542.6230605,3.312970151
69042600,-81.85717532,41.39958677,239,6.790666661,1747595442555,2.053991318,0.228936702,9.404576302,0.01337827276,0.1693605632,0.1057001129,0.01007668319,0.2079267246,677895.004,-4737764.391,238.2,41.76277613,-11.77111156,-4.804361716,4.547878932,0.8596986189,-0.6715628149,0.66155192,1168.806139,6.6155192,-0.1751474609,492.80841,-0.4981465041
69042700,-81.85718125,41.39959085,239,6.672344439,1747595442665,2.468809605,0.5371682644,9.495865822,0.02276730351,0.01818388514,-0.5678896904,0.008775568861,0.2092526896,677894.5333,-4737763.945,238.2,41.29207101,-11.32558993,-4.70705115,4.45521635,0.7148575278,-0.7998242869,0.6481148298,1169.454254,6.481148298,-0.1911961411,-545.1089838,-10.37917394
69042800,-81.85718715,41.39959492,239,6.56945555,1747595442771,-0.01211500168,-0.3977224529,9.715352058,0.08975921571,0.03930746019,-0.8064887524,0.01093591784,0.2048655,677894.0577,-4737763.504,238.2,40.81650037,-10.8845161,-4.755706437,4.410738321,1.300997691,-0.7972797776,0.6486243616,1170.102878,6.486243616,-0.08321193369,162.7920178,7.079010016
69042900,-81.85719292,41.39959883,239,6.435699994,1747595442880,1.847350836,-0.1945622265,9.46352005,0.02173892409,0.06122689322,0.4153265953,0.01218599236,0.2044721015,677893.5787,-4737763.069,238.2,40.33745435,-10.44900202,-4.790460208,4.355140775,1.30974124,-0.9317147182,0.6474238193,1170.750302,6.474238193,0.03853819826,253.9636211,0.9117160327
69043000,-81.85719852,41.39960262,239,6.307088883,1747595442997,3.282733679,0.634840548,9.930620193,0.003575183451,-0.01870106719,-0.2963729203,0.01149032032,0.199920166,677893.1066,-4737762.641,238.2,39.86535908,-10.0212716,-4.720952659,4.277304225,1.042199672,-0.7059439852,0.6370457239,1171.387347,6.370457239,0.06336835571,266.4791565,0.1251553541
69043100,-81.85720403,41.39960635,239,6.227349995,1747595443078,2.504556656,0.04703697562,9.444681644,-0.08427192643,-0.1549848719,0.1509666592,0.009754538034,0.1948754388,677892.6428,-4737762.221,238.2,39.40160472,-9.600954179,-4.637543602,4.20317417,0.9101830515,-0.6732530944,0.6258872404,1172.013235,6.258872404,0.0315224091,403.6406801,1.371615236
69043200,-81.85720955,41.39961008,239,6.147611106,1747595443158,1.726379633,-0.5407665968,8.958743095,-0.1721190363,-0.2912686765,0.5983062387,0.00801875575,0.1898307116,677892.1885,-4737761.807,238.2,38.94730339,-9.187679118,-4.54301334,4.132750612,0.771086158,-0.620884656,0.6141546859,1172.627389,6.141546859,-0.00606424649,731.7981169,3.281574369
69043300,-81.85721495,41.39961382,239,5.998422217,1747595443270,1.955751181,0.3897824287,9.710613251,0.005981807131,-0.01452553831,-0.20276016,0.009379649083,0.1919064512,677891.7431,-4737761.399,238.2,38.50189902,-8.77922251,-4.454043675,4.084566077,0.6275356921,-0.5550303109,0.604335876,1173.231725,6.04335876,0.04493654278,2798.375647,20.6657753
69043400,-81.85722015,41.39961742,238.9,5.941833328,1747595443380,2.113901377,0.3729430735,10.40194893,-0.009532010183,0.1748769432,0.3193391562,0.01065169819,0.1950576265,677891.3202,-4737760.995,238.1,38.0790151,-8.375399032,-4.228839221,4.038234781,0.587817098,-0.5168384369,0.5847257589,1173.816451,5.847257589,-0.09457573948,1224.010887,-15.7436476
69043500,-81.85722522,41.39962098,238.9,5.674322217,1747595443491,2.571540356,0.7534608245,9.11700058,0.04874141514,0.1341930926,-0.1109171286,0.01228185898,0.1882900962,677890.9199,-4737760.596,238.1,37.67865162,-7.976208681,-4.003634767,3.991903504,0.5953836264,-0.4827662246,0.5653705417,1174.381822,5.653705417,-0.0206168008,467.6345296,-7.563763573
69043600,-81.85722938,41.39962451,238.8,5.666605551,1747595443572,2.507657766,0.5497395396,9.301635265,-0.05413443595,-0.0959636569,-0.1567781977,0.01293617613,0.1863946114,677890.527,-4737760.203,238,37.28579496,-7.583690035,-3.928566611,3.925186461,0.5315066688,-0.4227642726,0.5553442569,1174.937166,5.553442569,-0.1131629814,461.7948332,-0.05839696435
69043700,-81.85723355,41.39962803,238.7,5.658888884,1747595443653,2.443775177,0.3460182548,9.486269951,-0.157010287,-0.3261204064,-0.2026392668,0.01359049327,0.1844991265,677890.1775,-4737759.809,237.9,36.93631101,-7.188762163,-3.494839523,3.949278723,0.4629852719,-0.3563889006,0.5273585661,1175.464524,5.273585661,-0.3853032229,287.3860721,-1.744087611
69043800,-81.8572385,41.39963147,238.7,5.617733328,1747595443819,1.466619015,0.2385829091,9.809406281,-0.1320753545,-0.1196274012,0.5349277258,0.01290994847,0.188822084,677889.7646,-4737759.427,237.9,36.52343617,-6.806992375,-4.128748337,3.817697875,0.4119964073,-0.3145256624,0.5623289064,1176.026853,5.623289064,0.005555735316,744.3471361,4.56961064
69043900,-81.85724337,41.39963483,238.7,5.550855551,1747595443880,2.322668076,0.671526432,9.859367371,-0.01405643299,0.01853445172,0.576803565,0.01558187753,0.186888128,677889.3587,-4737759.052,237.9,36.11751209,-6.432635594,-4.059240812,3.743567811,0.695075246,-0.7413006388,0.5521932264,1176.579047,5.521932264,-0.02892328665,-474.22651,-12.18573646